{
    "Users": "Users",
    "Survey": "Survey",
    "FamilyDoctors": "FamilyDoctors",
    "Indexes": "Indexes",
    "Family Doctors List": "Family Doctors List",
    "Roles & Permission": "Roles & Permission",
    "Statuses": "Statuses",
    "TakeFrom": "TakeFrom",
    "TakeTo": "TakeTo",
    "Home": "Home",
    "Patient": "Patient",
    "Inventory": "Inventory",
    "Patient Name": "Patient Name",
    "New Patient Visit": "New Patient Visit",
    "Reports": "Reports",
    "Dashboard": "Dashboard",
    "Inventory List": "Inventory List",
    "Status": "Status",
    "Action": "Action",
    "Family Doctor": "Family Doctor",
    "Add New Role": "Add New Role",
    "Active Patient List": "Active Patient List",
    "Active Patients": "Active Patients",
    "Add Family Doctor": "Add Family Doctor",
    "Update Test": "Update Test",
    "Update Test for": "Update Test for",
    "Active": "Active",
    "To:": "To:",
    "Update": "Update",
    "List of Roles": "List of Roles",
    "Role": "Role",
    "Nurse": "Nurse",
    "Nurse comment": "Nurse comment",
    "Super Admin": "Super Admin",
    "Admin": "Admin",
    "Doctor": "Doctor",
    "Reception": "Reception",
    "Title": "Title",
    "Description": "Description",
    "Create": "Create",
    "Create Role": "Create Role",
    "Back": "Back",
    "User List": "User List",
    "Name": "Name",
    "Search Term": "Search Term",
    "First Name": "First Name",
    "Last Name": "Last Name",
    "Email": "Email",
    "User Type": "User Type",
    "Mobile Number": "Mobile Number",
    "Add New": "Add New",
    "Add User": "Add User",
    "Telephone Number": "Telephone Number",
    "Required tests for": "Required tests for",
    "Address": "Address",
    "Save": "Save",
    "Select": "Select",
    "Select User Type": "Select User Type",
    "No Record Found": "No Record Found",
    "Nurse's Test": "Nurse's Test",
    "Doctor's Test": "Doctor's Test",
    "Required Tests For": "Required Tests For",
    "Test": "Test",
    "Remove": "Remove",
    "Index List": "Index List",
    "Search By Index": "Search By Index",
    "Index Type": "Index Type",
    "TakenFrom": "TakenFrom",
    "TakenTo": "TakenTo",
    "AlertFrequency": "AlertFrequency",
    "Add New Index": "Add New Index",
    "Numeric Range": "Numeric Range",
    "Index Title": "Index Title",
    "Minutes": "Minutes",
    "Normal range between": "Normal range between",
    "and": "and",
    "If this Index is out of range, Show alert every": "If this Index is out of range, Show alert every",
    "Pules": "Pules",
    "Saturation": "Saturation",
    "Weight": "Weight",
    "Blood Pressure": "Blood Pressure",
    "Blood tests": "Blood tests",
    "Min:": "Min:",
    "Max:": "Max:",
    "Temperature": "Temperature",
    "Breadth/Minutes": "Breadth/Minutes",
    "Triage": "Triage",
    "Questions": "Questions",
    "Satisfaction": "Satisfaction",
    "Edit Triage Index": "Edit Triage Index",
    "Level": "Level",
    "Agree": "Agree",
    "Disagree": "Disagree",
    "Good": "Good",
    "Excellent": "Excellent",
    "Kupat Cholim": "Kupat Cholim",
    "Kupat Cholim is required.": "Kupat Cholim is required.",
    "Allowed only alphabets for Kupat Cholim.": "Allowed only alphabets for Kupat Cholim.",
    "In Debt": "In Debt",
    "Visit History": "Visit History",
    "Active Visits": "Active Visits",
    "Visit": "Visit",
    "Age": "Age",
    "Id": "Id",
    "Visit Started": "Visit Started",
    "Not one who you are looking?": "Not one who you are looking?",
    "Current Visit Duration": "Current Visit Duration",
    "Reason for Visit": "Reason for Visit",
    "Select patient to start new visit": "Select patient to start new visit",
    "Id Number": "Id Number",
    "Father Name": "Father Name",
    "Mother Name": "Mother Name",
    "Mother Name is required.": "Mother Name is required.",
    "Allowed only alphabets for mother name.": "Allowed only alphabets for mother name.",
    "Gender": "Gender",
    "Male": "Male",
    "Female": "Female",
    "Date of Birth": "Date of Birth",
    "Father Name is required.": "Father Name is required.",
    "Allowed only alphabets for father name.": "Allowed only alphabets for father name.",
    "Today": "Today",
    "Weeks": "Weeks",
    "Clear": "Clear",
    "Done": "Done",
    "Other Comment": "Other Comment",
    "Age is required.": "Age is required.",
    "Please Enter valid Age.": "Please Enter valid Age.",
    "Visit Card": "Visit Card",
    "Patient History": "Patient History",
    "Comment is required.": "Comment is required.",
    "Urgent": "Urgent",
    "Documents": "Documents",
    "Closure": "Closure",
    "Drugs": "Drugs",
    "Summary": "Summary",
    "Visit Comment": "Visit Comment",
    "Doctor's Summary": "Doctor's Summary",
    "& Next": "& Next",
    "Diagnostic": "Diagnostic",
    "Results": "Results",
    "Prescription": "Prescription",
    "& Finish": "& Finish",
    "Visit Details": "Visit Details",
    "Nurse Examination": "Nurse Examination",
    "Came In": "Came In",
    "Identify": "Identify",
    "Visit Reason": "Visit Reason",
    "Family Doctor is required.": "Family Doctor is required.",
    "Payment": "Payment",
    "Urgency": "Urgency",
    "Previous debt": "Previous debt",
    "Total": "Total",
    "Issue an Invoice": "Issue an Invoice",
    "Print Invoice": "Print Invoice",
    "Email Invoice": "Email Invoice",
    "ILS": "ILS",
    "Add Drug": "Add Drug",
    "Patient Id is required.": "Patient Id is required.",
    "Allowed only number for Patient Id.": "Allowed only number for Patient Id.",
    "Too long. Use 6 characters or less": "Too long. Use 6 characters or less",
    "Cash": "Cash",
    "Cheque": "Cheque",
    "Debit": "Debit",
    "Credit": "Credit",
    "Finish": "Finish",
    "Allergies": "Allergies",
    "Main Complaint": "Main Complaint",
    "Past Medical History": "Past Medical History",
    "Physical Examination": "Physical Examination",
    "According to the triage, please confirm the following tests": "According to the triage, please confirm the following tests",
    "Refer To": "Refer To",
    "Reset": "Reset",
    "Continue": "Continue",
    "Patient Dashboard": "Patient Dashboard",
    "Do:": "Do:",
    "Basic": "Basic",
    "Head": "Head",
    "EENT": "EENT",
    "Heart": "Heart",
    "Lungs": "Lungs",
    "Skin": "Skin",
    "City": "City",
    "No Finding": "No Finding",
    "Triage Detail": "Triage Detail",
    "Treatment": "Treatment",
    "Details Finding": "Details Finding",
    "Treatment Results": "Treatment Results",
    "Continue treatment at the EMC": "Continue treatment at the EMC",
    "Release": "Release",
    "External Referral": "External Referral",
    "Pulse": "Pulse",
    "Other": "Other",
    "Here": "Here",
    "Issue a referral": "Issue a referral",
    "Follow Up": "Follow Up",
    "Order": "Order",
    "Self Evacuation": "Self Evacuation",
    "Regular Ambulance": "Regular Ambulance",
    "IC Ambulance": "IC Ambulance",
    "Dosage": "Dosage",
    "Dosage Name": "Dosage Name",
    "Amount": "Amount",
    "Amount Given": "Amount Given",
    "per day with water": "per day with water",
    "EMC Prescriptions": "EMC Prescriptions",
    "External Prescriptions": "External Prescriptions",
    "Internal Referral": "Internal Referral",
    "X-ray": "X-ray",
    "Results Follow Up": "Results Follow Up",
    "Diagnosis": "Diagnosis",
    "City is required.": "City is required.",
    "Referred by": "Referred by",
    "Referred": "Referred",
    "Course": "Course",
    "Go to ER if": "Go to ER if",
    "Send summary to the family doctor": "Send summary to the family doctor",
    "Close visit & send a survey": "Close visit & send a survey",
    "Drug Name": "Drug Name",
    "In Stock Now": "In Stock Now",
    "Not Urgent": "Not Urgent",
    "Surname": "Surname",
    "Add": "Add",
    "Dr.Follow Up": "Dr.Follow Up",
    "Comments Here": "Comments Here",
    "Add to Stock": "Add to Stock",
    "Quantity in stock": "Quantity in stock",
    "Drug type": "Drug type",
    "First Name is required": "First Name is required",
    "Allowed only alphabets for first name.": "Allowed only alphabets for first name.",
    "Too long. Use 30 characters or less": "Too long. Use 30 characters or less",
    "Last Name is required.": "Last Name is required.",
    "Allowed only alphabets for last name.": "Allowed only alphabets for last name.",
    "User Type is required.": "User Type is required.",
    "Mobile Number is required.": "Mobile Number is required.",
    "Allowed only number for mobile number.": "Allowed only number for mobile number.",
    "Too long. Use 15 characters or less": "Too long. Use 15 characters or less",
    "Telephone Number is required.": "Telephone Number is required.",
    "Allowed only number for telephone number.": "Allowed only number for telephone number.",
    "Email is required.": "Email is required.",
    "Please enter a valid email address": "Please enter a valid email address",
    "Visit Reason is required.": "Visit Reason is required.",
    "Allowed only alphabets for Visit Reason.": "Allowed only alphabets for Visit Reason.",
    "Too long. Use 100 characters or less": "Too long. Use 100 characters or less",
    "Surname is required.": "Surname is required.",
    "Allowed only alphabets for Surname.": "Allowed only alphabets for Surname.",
    "Address is required.": "Address is required.",
    "Submit": "Submit",
    "Patient List": "Patient List",
    "Add New Patient": "Add New Patient",
    "Payment for the visit:": "Payment for the visit:",
    "Payment for:": "Payment for:",
    "Add Payment": "Add Payment",
    "Paid with": "Paid with",
    "Card Type": "Card Type",
    "Identify VIEW": "Identify VIEW",
    "Title is required": "Title is required",
    "Description is required": "Description is required",
    "Update Role": "Update Role",
    "Inactive": "Inactive",
    "Set Permission": "Set Permission",
    "Survey Questions": "Survey Questions",
    "Permissions": "Permissions",
    "Question is required or remove": "Question is required or remove",
    "New Question": "New Question",
    "Satisfaction Level": "Satisfaction Level",
    "Level 1:": "Level 1:",
    "Level 2:": "Level 2:",
    "Level 3:": "Level 3:",
    "Level 4:": "Level 4:",
    "Level 5:": "Level 5:",
    "Level 6:": "Level 6:",
    "Level 1 is required.": "Level 1 is required.",
    "Level 2 is required.": "Level 2 is required.",
    "Level 3 is required.": "Level 3 is required.",
    "Level 4 is required.": "Level 4 is required.",
    "Level 5 is required.": "Level 5 is required.",
    "Level 6 is required.": "Level 6 is required.",
    "Enter Nurse Test": "Enter Nurse Test",
    "Enter Doctor Test": "Enter Doctor Test",
    "Click to see visit card": "Click to see visit card",
    "Click to start visit": "Click to start visit",
    "Save & Next": "Save & Next",
    "Save & finish": "Save & finish",
    "Click to view": "Click to view",
    "visitCard Dashboard": "visitCard Dashboard",
    "Click to update test": "Click to update test",
    "Add Kupat Cholim": "Add Kupat Cholim",
    "Kupat Cholim List": "Kupat Cholim List",
    "Price": "Price",
    "Name is required": "Name is required",
    "Price is required": "Price is required",
    "Allowed only number.": "Allowed only number.",
    "Too long. Use 11 characters or less": "Too long. Use 11 characters or less",
    "Allowed only alphabets for name.": "Allowed only alphabets for name.",
    "Patient Visits History": "Patient Visits History",
    "Show filtered status": "Show filtered status",
    "Reason For Visit": "Reason For Visit",
    "Visit Date": "Visit Date",
    "Visit Duration": "Visit Duration",
    "Visit Result": "Visit Result",
    "Visit Document List": "Visit Document List",
    "Upload New Document": "Upload New Document",
    "Visit Documents": "Visit Documents",
    "Submitted By": "Submitted By",
    "File Size": "File Size",
    "Document Type": "Document Type",
    "by:": "by",
    "KB": "KB",
    "Payment Paid": "Payment Paid",
    "Visit Ended": "Visit Ended",
    "Visit History List": "Visit History List",
    "Print summary": "Print summary",
    "Rating": "Rating",
    "Options": "Options",
    "Question type:": "Question type:",
    "Index": "Index",
    "IndexType": "IndexType",
    "Patient Id": "Patient Id",
    "Price is required.": "Price is required.",
    "Issue": "Issue",
    "global_language_en": "English",
    "My Profile": "My Profile",
    "global_language_hw": "Hebrew",
    "Logout": "Logout",
    "Add Triage": "Add Triage",
    "Upload": "Upload",
    "User Profile": "User Profile",
    "Profile": "Profile",
    "Add Comments": "Add Comments",
    "Visit comments": "Visit comments",
    "Comment": "Comment",
    "CVV Number": "CVV Number",
    "Name on Card": "Name on Card",
    "Sum": "Sum",
    "Confirmation Code": "Confirmation Code",
    "Inventory Changes Report": "Inventory Changes Report",
    "Visitors Results Reports": "Visitors Results Reports",
    "History": "History",
    "Next": "Next",
    "Drugs GiveAway Report": "Drugs GiveAway Report",
    "Generate Report": "Generate Report",
    "Export": "Export",
    "Date range": "Date range",
    "Drug": "Drug",
    "Quantity gave": "Quantity gave",
    "Currency": "Currency",
    "Changed at": "Changed at",
    "Changed by": "Changed by",
    "Old Password": "Old Password",
    "New Password": "New Password",
    "Confirm New Password": "Confirm New Password",
    "Reset Password": "Reset Password",
    "Change Password": "Change Password",
    "Status List": "Status List",
    "Update Quantity": "Update Quantity",
    "Color": "Color",
    "Edit Status": "Edit Status",
    "Enter your old password": "Enter your old password",
    "Enter Your New Password": "Enter Your New Password",
    "Confirm Password": "Confirm Password",
    "Staff Comments(Internal)": "Staff Comments(Internal)",
    "Cheque Number": "Cheque Number",
    "USD": "USD",
    "Credit Card": "Credit Card",
    "Card Number": "Card Number",
    "Visa": "Visa",
    "Add Items": "Add Items",
    "American Express": "American Express",
    "# of Patients": "# of Patients",
    "Feature": "Feature",
    "Quantity change": "Quantity change",
    "Exit To Dashboard": "Exit To Dashboard",
    "VisitCard": "VisitCard",
    "Proceed": "Proceed",
    "Cancel": "Cancel",
    "Year": "Year",
    "Month": "Month",
    "Day": "Day",
    "Drugs he/she takes": "Drugs he/she takes",
    "allergic to": "allergic to",
    "Alert reason": "Alert reason",
    "ALERT at": "ALERT at",
    "On last test done": "On last test done",
    "Confirm": "Confirm",
    "Go to Triage": "Go to Triage",
    "was": "was",
    "Comments": "Comments",
    "Current Disease": "Current Disease",
    "BG diseases": "BG diseases",
    "Settings": "Settings",
    "IP Settings": "IP Settings",
    "EMC IP Address": "EMC IP Address",
    "iCount Client Id": "iCount Client Id",
    "iCount User Name": "iCount User Name",
    "iCount Password": "iCount Password",
    "Add Test": "Add Test",
    "Target Quantity": "Target Quantity",
    "List of Current Main Complaint": "List of Current Main Complaint",
    "Add Main Complaint": "Add Main Complaint",
    "Current Main Complaint Report": "Current Main Complaint Report",
    "Current Main Complaint": "Current Main Complaint",
    "Main Complaint Title": "Main Complaint Title",
    "Yes/No (from “Current Main Complaint”)": "Yes/No (from “Main Complaint”)",
    "If this current main complaint is chosen, Show alert every": "If this main complaint is chosen, Show alert every",
    "Edit Main Complaint Index": "Edit Main Complaint Index",
    "BG Main Complaint": "BG Main Complaint",
    "No test for Main Complaint": "No test for Main Complaint",
    "Enter Main Complaint": "Enter Main Complaint",
    "Click to delete main complaint": "Click to delete main complaint",
    "Main Complaint already exist, try with another": "Main Complaint already exist, try with another",
    "Visit details & Triage": "Visit details & Triage",
    "Main Complaint Comments": "Main Complaint Comments",
    "Enter Disease": "Enter Disease",
    "Triages": "Triages",
    "Blood Test": "Blood Test",
    "Not Done": "Not Done",
    "Additional Number": "Additional Number",
    "Allowed only number for Additional Number": "Allowed only number for Additional Number",
    "Select Currency": "Select Currency",
    "Select Payment Mode": "Select Payment Mode",
    "Bill No": "Bill No",
    "Comments for X-ray": "Comments for X-ray",
    "Comments for Blood Test": "Comments for Blood Test",
    "Add New dosage": "Add New dosage",
    "Generated By": "Generated By",
    "Generated At": "Generated At",
    "User Name": "User Name",
    "Kupat Cholim Report": "Kupat Cholim Report",
    "Recent hour": "Recent hour",
    "This shift": "This shift",
    "Last shift": "Last shift",
    "Choose dates": "Choose dates",
    "Entered EMC": "Entered EMC",
    "Done Triage": "Done Triage",
    "Saw a Dr.": "Saw a Dr.",
    "Average time to see a nurse": "Average time to see a nurse",
    "Average time to see a dr.": "Average time to see a dr.",
    "Total patients in EMC": "Total patients in EMC ",
    "Treatment Done": "Treatment Done",
    "Average time to complete visit": "Average time to complete visit",
    "Dr.Orders": "Dr.Orders",
    "Nursery's Summary": "Nursery's Summary",
    "Tested and found ok": "Tested and found ok",
    "Tested and details findings": "Tested and details findings",
    "Not tested": "Not tested",
    "Treatment Recommendations": "Treatment Recommendations",
    "Search Drugs": "Search Drugs",
    "click to edit": "click to edit",
    "click to delete": "click to delete",
    "Default weekend range": "Default weekend range",
    "Default weekend price": "Default weekend price",
    "Weekend Price Set": "Weekend Price Set",
    "Show dosage": "Show dosage",
    "Current Main Complaint History": "Current Main Complaint History",
    "Discover": "Discover",
    "MasterCard": "MasterCard",
    "Default weekdays price": "Default weekdays price",
    "weekend price": "weekend price",
    "Waiting patient": "Waiting patient",
    "No Treatment Recommendations": "No Treatment Recommendations",
    "Search Patient": "Search Patient",
    "Debt List": "Debt List",
    "Survey Hebrew Link": "Survey Hebrew Link",
    "Survey English Link": "Survey English Link",
    "Urine test": "Urine test",
    "Comments for Urine Test": "Comments for Urine Test",
    "Blood test": "Blood test",
    "Personnel": "Personnel",
    "Enter test details": "Enter test details",
    "Dr.not available": "Dr.not available",
    "Abdominal": "Abdominal",
    "Neurological": "Neurological",
    "General assesment": "General assesment",
    "Current disease & Physical Examination": "Current disease & Physical Examination",
    "Treatment finalyzing": "Treatment finalyzing",
    "Course and Treatment": "Course and Treatment",
    "Assesment (discussion)": "Assesment (discussion)",
    "Drug treatment orders": "Drug Treatment Orders",
    "Treatment follow up recommendations": "Treatment follow up recommendations",
    "Medical center": "Medical center",
    "Allergies List": "Allergies List",
    "Allergie Name": "Allergie Name",
    "Triages List": "Triages List",
    "Done By": "Done By",
    "Date": "Date",
    "License Number": "License Number"

}