{
  "Survey": "סקר",
  "Users": "משתמשים",
  "FamilyDoctors": "רופאי משפחה",
  "Indexes": "מדדים",
  "Roles & Permission": "תפקידים והרשאות",
  "Statuses": "סטטוסים",
  "Family Doctors List": "רשימת רופאי משפחה",
  "Home": "בית",
  "Patient": "מטופל",
  "Inventory": "מלאי",
  "Reports": "דוחות",
  "Dashboard": "לוח בקרה",
  "Status": "סטטוס",
  "Action": "פעולה",
  "Add New Role": "הוספת תפקיד חדש",
  "Active": "פעיל",
  "List of Roles": "רשימת תפקידים",
  "Role": "תפקיד",
  "Drug type": "סוג התרופה",
  "Nurse": "אחות",
  "Super Admin": "מנהל על",
  "Admin": "מנהל",
  "Doctor": "רופא",
  "Reception": "קבלה",
  "Title": "כותרת",
  "Description": "תיאור",
  "Create": "צור",
  "Create Role": "צור סוג משתמש",
  "Back": "חזרה",
  "User List": "רשימת משתמשים",
  "Search Term": "חפש ביטוי",
  "First Name": "שם פרטי",
  "Last Name": "שם משפחה",
  "Email": "דוא\"ל",
  "User Type": "סוג משתמש",
  "Mobile Number": "טלפון נייד",
  "Add New": "הוספת חדש",
  "Add User": "הוסף משתמש",
  "Telephone Number": "מספר טלפון",
  "Address": "כתובת",
  "Save": "שמירה",
  "Select User Type": "בחר סוג משתמש",
  "No Record Found": "לא נמצאו תוצאות",
  "Nurse's Test": "פעולות אחות",
  "Doctor's Test": "פעולות רופא",
  "Required Tests For": "דרושה בדיקה עבור",
  "Test": "בדיקה",
  "Remove": "הסרה",
  "Current Disease": "מחלה נוכחית",
  "BG diseases": "מחלות רקע",
  "Index List": "רשימת מדדים",
  "Search By Index": "חיפוש לפי מדד",
  "IndexType": "סוג מדד",
  "AlertFrequency": "תדירות התראה",
  "Add New Index": "הוספת מדד חדש",
  "Numeric Range": "טווח מספרי",
  "Index Title": "כותרת מדד",
  "Minutes": "דקות",
  "Normal range between": "טווח תקין בין",
  "and": "ו",
  "If this Index is out of range, Show alert every": "אם מדד זה מחוץ לטווח התקין, הקפץ התראה כל",
  "Pules": "דופק",
  "Saturation": "סטורציה",
  "Weight": "משקל",
  "Blood Pressure": "לחץ דם",
  "Temperature": "חום",
  "Breadth/Minutes": "נשימות/דקה",
  "Triage": "טריאז'",
  "Questions": "שאלות",
  "Satisfaction": "שביעות רצון",
  "Level": "רמה",
  "Agree": "מסכים",
  "Disagree": "לא מסכים",
  "Good": "טוב",
  "Excellent": "מצוין",
  "Kupat Cholim": "קופת חולים",
  "In Debt": "בחוב",
  "Visit History": "הסטוריית ביקורים",
  "Active Visits": "ביקורים פעילים",
  "Visit": "ביקור",
  "Currency": "מטבע",
  "Age": "גיל",
  "Id": "מספר זהות",
  "Visit Started": "ביקור התחיל ב",
  "Not one who you are looking?": "לא המטופל המבוקש?",
  "Current Visit Duration": "משך ביקור נוכחי",
  "Reason for Visit": "סיבת הביקור",
  "Select patient to start new visit": "בחר מטופל להתחלת ביקור חדש",
  "Id Number": "מספר זהות",
  "Father Name": "שם האב",
  "Mother Name": "שם האם",
  "Gender": "מין",
  "Male": "זכר",
  "Female": "נקבה",
  "Date of Birth": "תאריך לידה",
  "Today": "היום",
  "Weeks": "שבועות",
  "Clear": "נקה",
  "Done": "בוצע",
  "Other Comment": "הערות נוספות",
  "Visit Card": "כרטיס ביקור",
  "Patient History": "הסטוריית מטופל",
  "Patient Name": " שם מטופל",
  "Urgent": "דחוף",
  "Documents": "מסמכים",
  "Closure": "סגירה",
  "Drugs": "תרופות",
  "Summary": "סיכום",
  "Visit Comment": "הערות לטיפול",
  "Doctor's Summary": "סיכום לרופא",
  "Diagnostic": "אבחון",
  "Results": "תוצאות",
  "Prescription": "מרשמים",
  "Visit Details": "הערות פנימיות",
  "Nurse Examination": "טיפול אחות",
  "Came In": "הגיע",
  "Identify": "זיהוי",
  "Visit Reason": "סיבת ביקור",
  "Payment": "תשלום",
  "Urgency": "דחיפות",
  "Secondary Number": "מספר משני",
  "Previous debt": "חוב קודם",
  "Total": "סך הכל",
  "Issue an Invoice": "הנפק חשבונית",
  "Print Invoice": "הדפס חשבונית",
  "Email Invoice": "שלח חשבונית במייל",
  "ILS": "ש\"ח",
  "Cash": "מזומן",
  "Cheque": "המחאה",
  "Debit": "כרטיס דביט",
  "Credit": "כרטיס אשראי",
  "Finish": "סיום",
  "Allergies": "אלרגיות",
  "Main Complaint": "תלונה עיקרית",
  "Past Medical History": "הסטוריה רפואית",
  "Physical Examination": "בדיקה פיזיקלית",
  "According to the triage, please confirm the following tests": "לפי הטריאז', נא לאשר ביצוע הפעולות הבאות:",
  "Refer To": "הפניה ל",
  "Reset": "איפוס",
  "To:": "ל",
  "& Finish": "& סיום",
  "Continue": "המשך",
  "Basic": "בסיסי",
  "Head": "ראש",
  "EENT": "EENT",
  "Heart": "לב",
  "Lungs": "ריאות",
  "Skin": "עור",
  "No Finding": "אין ממצאים",
  "Details Finding": "פירוט הממצאים",
  "Treatment Results": "תוצאות טיפול",
  "Continue treatment at the EMC": "המשך טיפול במח\"ר",
  "Release": "שחרור",
  "External Referral": "הפניה חיצונית",
  "Other": "אחר",
  "Here": "כאן",
  "Issue a referral": "הנפק הפניה",
  "Follow Up": "מעקב",
  "Order": "הוראה",
  "Self Evacuation": "פינוי עצמי",
  "Regular Ambulance": "אמבולנס רגיל",
  "IC Ambulance": "אמבולנס נט\"ן",
  "Dosage": "מינון",
  "Amount Given": "כמות שניתנה",
  "Amount": "כמות",
  "per day with water": "ליום עם מים",
  "EMC Prescriptions": "מרשמים (מח\"ר)",
  "External Prescriptions": "מרשמים (חיצוני)",
  "Internal Referral": "הפניה פנימית",
  "X-ray": "צילום רנטגן",
  "Diagnosis": "אבחון",
  "Course": "הערכה (שיקול דעת הרופא בגישת הטיפול)",
  "Go to ER if": "לפנות למיון במקרה",
  "Send summary to the family doctor": "שלח סיכום לרופא המשפחה",
  "Close visit & send a survey": "סגור ביקור ושלח סקר",
  "Drug Name": "שם התרופה",
  "In Stock Now": "נמצא במלאי",
  "Add to Stock": "הוסף למלאי",
  "Quantity in stock": "כמות במלאי",
  "Inventory changes report": "דוח שינוי מלאי",
  "Visitors analysis": "ניתוח מבקרים",
  "Visit results report": "דוח תוצאות ביקורים",
  "Kupat Cholim Report": "דוח קופות חולים",
  "Drugs GiveAway Report": "דוח מתן תרופות",
  "global_language_en:": "",
  "global_language_hw:": "",
  "Logged in successfully": "התחבר בהצלחה",
  "Data retrieved successfully": "מידע התקבל בהצלחה",
  "Error in retrieving data": "שגיאה בקבלת מידע",
  "No Data Found": "לא נמצא מידע",
  "Kupat Cholim List": "רשימת קופות החולים",
  "Add Kupat Cholim": "להוסיף קופת חולים",
  "Username already exist, try with another": "משתמש קיים, נסה שנית",
  "Email is required": "דוא\"ל נדרש",
  "First Name is required": "שם פרטי נדרש",
  "Password is required": "סיסמה נדרשת",
  "Invalid Email Given": "דוא\"ל ניתן לא קיים",
  "Invalid email or password": "דוא\"ל או סיסמה שגויים",
  "Internal error": "שגיאה פנימית",
  "Required fields missing": "שדות חובה חסרים",
  "Email doesn't exist": "דוא\"ל אינו קיים",
  "User not found": "משתמש לא נמצא",
  "New password should not be same as old password": "סיסמה חדשה צריכה להיות שונה מסיסמאות קודמות",
  "No record found": "לא נמצאו נתונים",
  "Price": "מחיר",
  "Name": "שם",
  "Page not found:": "עמוד לא נמצא",
  "Patient Visits History": "היסטוריית ביקורים של המטופל",
  "Show filtered status": "הצג סטטוס מסונן",
  "Visit Date": "תאריך ביקור",
  "Visit Duration": "משך ביקור",
  "Visit Result": "תוצאת ביקור",
  "Upload New Document": "טען מסמך חדש",
  "Visit Documents": "מסמכי ביקור",
  "Submitted By": "שהוגש על ידי",
  "File Size": "גודל הקובץ",
  "Document Type": "סוג מסמך",
  "by:": "על ידי:",
  "KB": "ק\"ב",
  "Visit Ended": "ביקור הסתיים",
  "Visit History List": "רשימת הסטורית ביקורים",
  "Print summary": "הדפס סיכום",
  "Survey Questions": "שאלות סקר",
  "Rating": "דירוג",
  "Options": "אפשרויות",
  "Question type:": "סוג שאלה:",
  "Email is required.": "דוא\"ל נדרש",
  "Please enter a valid email address": "אנא הזן כתובת דוא\"ל תקנית",
  "Satisfaction Level": "רמת שביעות רצון",
  "Question is required or remove": "שאלה נדרשת או להסיר",
  "New Question": "שאלה חדשה",
  "Level 1:": "שלב 1:",
  "Level 2:": "שלב 2:",
  "Level 3:": "שלב 3:",
  "Level 4:": "שלב 4:",
  "Level 5:": "שלב 5:",
  "Level 6:": "שלב 6:",
  "Level 1 is required.": "רמה 1 נדרשת.",
  "Level 2 is required.": "רמה 2 נדרשת.",
  "Level 3 is required.": "רמה 3 נדרשת.",
  "Level 4 is required.": "רמה 4 נדרשת.",
  "Level 5 is required.": "רמה 5 נדרשת.",
  "Level 6 is required.": "רמה 6 נדרשת.",
  "Add": "הוסף",
  "Last Name is required.": "נדרש שם משפחה.",
  "Allowed only number for mobile number.": "נא להזין מספר סלולרי בלבד",
  "Allowed only number for telephone number.": "נא להזין מספר טלפון נייח בלבד",
  "Mobile Number is required.": "מספר טלפון נייד נדרש.",
  "Telephone Number is required.": "מספר טלפון נדרש.",
  "Address is required.": "כתובת נדרשת.",
  "Add Family Doctor": "הוסף רופא משפחה",
  "Select": "בחר",
  "Index": "מדד",
  "TakeFrom": "לקחת מ",
  "TakeTo": "לקחת ל",
  "Index Type": "סוג מדד",
  "Enter Doctor Test": "הזן בדיקת רופא",
  "Enter Nurse Test": "הזן בדיקת אחות",
  "User Type is required.": "סוג משתמש נדרש.",
  "Price is required.": "המחיר נדרש.",
  "Name is required": "שם נדרש",
  "Patient Dashboard": "לוח הבקרה של המטופל",
  "Active Patient List": "רשימת המטופלים הפעילים",
  "Active Patients": "מטופלים פעילים",
  "New Patient Visit": "ביקור חדש",
  "Patient List": "רשימת המטופלים",
  "Click to start visit": "לחץ כדי להתחיל ביקור",
  "Add New Patient": "ביקור חדש",
  "Surname": "שם משפחה",
  "City": "עיר",
  "Patient Id": "מספר זהות מטופל",
  "Patient Id is required.": "מספר זהות מטופל נדרש.",
  "Surname is required.": "שם משפחה נדרש.",
  "City is required.": "עיר נדרשת.",
  "Mother Name is required.": "שם האם נדרש.",
  "Father Name is required.": "שם האב נדרש.",
  "Age is required.": "נדרש גיל.",
  "Please Enter valid Age.": "הזן גיל חוקי.",
  "Comment is required.": "נדרשת הערה.",
  "Allowed only number for Patient Id.": "מותר רק מספר זיהוי החולה.",
  "global_language_en": "English",
  "Not Urgent": "לא דחוף",
  "& Next": "&הבא",
  "Visit Document List": "רשימת מסמכי הביקור",
  "Do:": "לבצע:",
  "Treatment": "טיפול",
  "Blood tests": "בדיקות דם",
  "Comments": "הערות",
  "Comments Here": "תגובות כאן",
  "Triage Detail": "סימנים חיוניים",
  "Nurse comment": "תגובות האחור",
  "Referred by": "הופנה ע\"י",
  "Referred": "הופנה עי",
  "global_language_hw": "עברית",
  "Results Follow Up": "תוצאות מעקב",
  "Dr.Follow Up": "מעקב רופא בקהילה",
  "Issue": "הנפק",
  "Came In:": "הגיע ב:",
  "Family Doctor": "רופא משפחה",
  "Inventory List": "רשימת מלאי",
  "Dosage Name": "שם המינון",
  "Add Drug": "הוסף תרופה",
  "Update Test": "עדכן בדיקה",
  "Update Test for": "עדכן את הבדיקה עבור",
  "Update": "עדכון",
  "My Profile": "הפרופיל שלי",
  "Logout": "להתנתק",
  "Upload": "העלה",
  "Profile": "פּרוֹפִיל",
  "Add Triage": "הוסף מדדי טריאז'",
  "User Profile": "פרופיל משתמש",
  "Add Comments": "הוסף הערות",
  "Visit comments": "הערות על הביקור",
  "Comment": "תגובה",
  "Staff Comments(Internal)": "הערות הצוות (פנימי)",
  "Drugs he/she takes": "תרופות שמקבל/ת",
  "Pulse": "דופק",
  "Max:": "מקסימום",
  "Min:": "מינימום",
  "Proceed": "לְהִתְקַדֵם",
  "Cancel": "ביטול",
  "Payment for the visit:": "תשלום עבור הביקור",
  "Payment for:": "תשלום עבור",
  "Paid with": "שולם באמצעות",
  "Add Payment": "הוסף תשלום",
  "Card Type": "סוג כרטיס",
  "CVV Number": "3 ספרות בגב הכרטיס",
  "Name on Card": "שם ע\"ג הכרטיס",
  "Sum": "סכום",
  "Confirmation Code": "קוד אימות",
  "Date range": "טווח תאריכים",
  "Export": "יצוא",
  "Generate Report": "הפק דוח",
  "Inventory Changes Report": "דוח שינויים במלאי",
  "Visitors Results Reports": "דוח תוצאות ביקורים",
  "History": "הסטוריה",
  "Drug": "תרופה",
  "Quantity gave": "כמות שניתנה",
  "Changed by": "שונה ב",
  "Old Password": "סיסמה ישנה",
  "New Password": "סיסמה חדשה",
  "Confirm New Password": "הזן סיסמה חדשה שנית",
  "Change Password": "שנה סיסמה",
  "Status List": "רשימת סטטוסים",
  "Color": "צבע",
  "Edit Status": "ערוך סטטוס",
  "Update Quantity": "עדכן כמות",
  "Cheque Number": "מספר שיק",
  "USD": "USD",
  "Credit Card": "כרטיס אשראי",
  "Card Number": "מספר כרטיס",
  "Visa": "ויזה",
  "American Express": "אמריקן אקספרס",
  "Discover": "דיסקובר",
  "MasterCard": "מאסטרכרד",
  "Add Items": "הוסף פריטים",
  "Exit To Dashboard": "צא ללוח הטיפול",
  "Next": "הבא",
  "VisitCard": "כרטיס ביקור",
  "Year": "שנה",
  "Month": "חודש",
  "Day": "יום",
  "ALERT at": "התראה כל",
  "Alert reason": "סיבת התראה",
  "was": "היה",
  "On last test done": "בבדיקה קודמת שבוצעה",
  "Confirm": "אישור",
  "Go to Triage": "עבור לטריאז'",
  "allergic to": "אלרגיה ל",
  "Settings": "הגדרות",
  "IP Settings": "הגדרות IP",
  "EMC IP Address": "כתובת IP של המח\"ר",
  "iCount Client Id": "מזהה לקוח iCount",
  "iCount User Name": "שם משתמש iCount",
  "iCount Password": "סיסמה iCount",
  "Add Test": "הוספת בדיקה",
  "Target Quantity": "כמות יעד",
  "List of Current Main Complaint": "רשימת תלונות עיקריות",
  "Add Main Complaint": "הוספת תלונה עיקרית",
  "Current Main Complaint Report": "דוח תלונה עיקרית",
  "Current Main Complaint": "תלונה עיקרית",
  "Main Complaint Title": "כותרת תלונה עיקירת",
  "Yes/No (from “Current Main Complaint”)": "כן/לא (מתוך \"תלונה עיקרית\")",
  "If this current main complaint is chosen, Show alert every": "אם תלונה עיקרית זו נבחרה, הקפץ התראה בכל",
  "Edit Main Complaint Index": "עריכת מדד תלונה עיקרית",
  "BG Main Complaint": "מחלות רקע",
  "No test for Main Complaint": "אין בדיקות נדרשות עבור התלונה העיקרית",
  "Enter Main Complaint": "הכנס תלונה עיקירת",
  "Click to delete main complaint": "לחץ למחיקת תלונה עיקרית",
  "Main Complaint already exist, try with another": "תלונה עיקרית כבר קיימת, נסה אחרת",
  "Visit details & Triage": "פרטי ביקור & טריאז'",
  "Main Complaint Comments": "תלונה עיקרית - הערות",
  "Triages": "טריאז'",
  "Blood Test": "בדיקת דם",
  "Not Done": "לא בוצע",
  "Enter Disease": "הזן מחלה",
  "Additional Number": "מספר נוסף",
  "Allowed only number for Additional Number": "מספר נוסף חייב להכיל ספרות בלבד",
  "Select Currency": "בחר מטבע",
  "Select Payment Mode": "בחר אמצעי תשלום",
  "Bill No": "חשבון מספר",
  "Comments for X-ray": "הערות עבור בדיקת רנטגן",
  "Comments for Blood Test": "הערות עבור בדיקות דם",
  "Add New dosage": "הוספת מינון חדש",
  "Generated By": "הופק ע\"י",
  "Generated At": "הופך ב",
  "User Name": "שם משתמש",
  "Edit Triage Index": "עריכת מדדי טריאז'",
  "Feature": "מאפיין",
  "Quantity change": "שינוי כמות",
  "Recent hour": "השעה האחרונה",
  "This shift": "משמרת נוכחית",
  "Last shift": "משמרת קודמת",
  "Choose dates": "בחירת תאריכים",
  "Entered EMC": "כניסה למח\"ר",
  "Done Triage": "סיום טריאז'",
  "Saw a Dr.": "ראה רופא",
  "Average time to see a nurse": "זמן ממוצע לכניסה לאחות",
  "Average time to see a dr.": "זמן ממוצע לכניסה לרופא",
  "Total patients in EMC": "סה\"כ מטופלים במח\"ר",
  "Treatment Done": "טיפול בוצע",
  "Average time to complete visit": "זמן ממוצע לסיום ביקור",
  "Dr.Orders": "הוראות רופא",
  "Nursery's Summary": "סיכום סיעודי",
  "Tested and details findings": "נבדק ונמצאו ממצאים",
  "Not tested": "לא נבדק",
  "Treatment Recommendations": "המלצות טיפול",
  "No Treatment Recommendations": " לא המלצות טיפול",
  "Tested and found ok": "נבדק ונמצא תקין",
  "Search Drugs": "חיפוש תרופות",
  "Search Patient": "חיפוש מטופל",
  "Changed At": "השתנה ב",
  "Of Patients": "של מטופלים",
  "click to delete": "לחץ למחיקה",
  "click to edit": "לחץ לעריכה",
  "Default weekend range": "ברירת מחדל לטווח סופ\"ש",
  "Default weekend price": "תעריף ברירת מחדל לסופ\"ש",
  "Weekend Price Set": "קביעת תעריף סופ\"ש",
  "Permissions": "הרשאות",
  "Waiting patient": "מטופל ממתין",
  "Debt List": "רשימת חייבים",
  "Add new dosage": "הוספת מינון חדש",
  "Show dosage": "הראה מינון",
  "Current Main Complaint History": "הסטוריית תלונות עיקריות",
  "Survey Hebrew Link": "קישור לסקר בעברית",
  "Survey English Link": "קישור לסקר באנגלית",
  "Payment Paid": "תשלום ששולם",
  "Urine test": "בדיקת שתן",
  "Comments for Urine Test": "הערות לבדיקת שתן",
  "Blood test": "בדיקת דם",
  "Personnel": "פרסונל",
  "Enter test details": "הכנס פרטי בדיקה",
  "Dr.not available": "רופא לא זמין",
  "Abdominal": "בטן",
  "Neurological": "נוירולוגי",
  "General assesment": "הערכה כללית",
  "Current disease & Physical Examination": "מחלה נוכחית & בדיקה פיזיקאלית",
  "Treatment finalyzing": "סיום הטיפול",
  "Course and Treatment": "מהלך וטיפול",
  "Assesment (discussion)": "הערכה (דיון)",
  "Drug treatment orders": "הוראות טיפול תרופתי",
  "Treatment follow up recommendations": "המלצות המשך טיפול",
  "Medical center": "מרכז רפואי",
  "Allergies List": "רשימת אלרגיות"
}