time,sign0,sign1,type
0,-0.05,-0.04,SupraVentricular
0.008,-0.03,-0.02,SupraVentricular
0.016,0.02,-0.02,SupraVentricular
0.023,0.02,-0.01,SupraVentricular
0.031,0,-0.01,SupraVentricular
0.039,0.04,0,SupraVentricular
0.047,0.02,0.01,SupraVentricular
0.055,0.02,0.01,SupraVentricular
0.062,0.05,0.01,SupraVentricular
0.07,0.07,0.01,SupraVentricular
0.078,0.05,0.07,SupraVentricular
0.086,0.06,0.06,SupraVentricular
0.094,0.06,0.09,SupraVentricular
0.102,0.03,0.1,SupraVentricular
0.109,0.03,0.1,SupraVentricular
0.117,0.02,0.09,SupraVentricular
0.125,-0.01,0.1,SupraVentricular
0.133,-0.02,0.08,SupraVentricular
0.141,0.02,0.08,SupraVentricular
0.148,0.01,0.08,SupraVentricular
0.156,0.02,0.08,SupraVentricular
0.164,0.04,0.04,SupraVentricular
0.172,0.02,0,SupraVentricular
0.18,0.01,0.02,SupraVentricular
0.188,0.02,0,SupraVentricular
0.195,0.03,0,SupraVentricular
0.203,-0.02,-0.11,SupraVentricular
0.211,-0.05,-0.08,SupraVentricular
0.219,-0.02,-0.06,SupraVentricular
0.227,-0.07,-0.12,SupraVentricular
0.234,-0.08,-0.13,SupraVentricular
0.242,-0.06,-0.12,SupraVentricular
0.25,-0.07,-0.16,SupraVentricular
0.258,-0.07,-0.15,SupraVentricular
0.266,-0.05,-0.17,SupraVentricular
0.273,-0.04,-0.15,SupraVentricular
0.281,-0.05,-0.12,SupraVentricular
0.289,-0.01,-0.16,SupraVentricular
0.297,-0.04,-0.18,SupraVentricular
0.305,0.01,-0.16,SupraVentricular
0.312,0,-0.16,SupraVentricular
0.32,0.04,-0.11,SupraVentricular
0.328,0.03,-0.17,SupraVentricular
0.336,0.03,-0.15,SupraVentricular
0.344,0.03,-0.15,SupraVentricular
0.352,0.02,-0.17,SupraVentricular
0.359,0.02,-0.15,SupraVentricular
0.367,0.02,-0.12,SupraVentricular
0.375,0.08,-0.14,SupraVentricular
0.383,0.09,-0.17,SupraVentricular
0.391,0.11,-0.23,SupraVentricular
0.398,0.12,-0.17,SupraVentricular
0.406,0.21,-0.17,SupraVentricular
0.414,0.38,-0.21,SupraVentricular
0.422,0.45,-0.16,SupraVentricular
0.43,0.35,-0.1,SupraVentricular
0.438,0.48,-0.06,SupraVentricular
0.445,0.31,-0.01,SupraVentricular
0.453,0.2,-0.06,SupraVentricular
0.461,0.05,-0.04,SupraVentricular
0.469,-0.07,-0.15,SupraVentricular
0.477,-0.15,-0.12,SupraVentricular
0.484,-0.15,-0.14,SupraVentricular
0.492,-0.13,-0.12,SupraVentricular
0.5,-0.16,-0.13,SupraVentricular
0.508,-0.22,-0.2,SupraVentricular
0.516,-0.19,-0.22,SupraVentricular
0.523,-0.19,-0.14,SupraVentricular
0.531,-0.17,-0.12,SupraVentricular
0.539,-0.19,-0.17,SupraVentricular
0.547,-0.19,-0.24,SupraVentricular
0.555,-0.02,-0.18,SupraVentricular
0.562,0.615,0.455,SupraVentricular
0.57,1.25,1.09,SupraVentricular
0.578,1.885,1.725,SupraVentricular
0.586,1.245,1.085,SupraVentricular
0.594,0.605,0.445,SupraVentricular
0.602,-0.035,-0.195,SupraVentricular
0.609,-0.675,-0.72,SupraVentricular
0.617,-1.05,-0.47,SupraVentricular
0.625,-0.63,-0.18,SupraVentricular
0.633,-0.34,-0.22,SupraVentricular
0.641,-0.19,-0.19,SupraVentricular
0.648,-0.23,-0.18,SupraVentricular
0.656,-0.18,-0.13,SupraVentricular
0.664,-0.18,-0.2,SupraVentricular
0.672,-0.16,-0.16,SupraVentricular
0.68,-0.14,-0.13,SupraVentricular
0.688,-0.15,-0.13,SupraVentricular
0.695,-0.15,-0.12,SupraVentricular
0.703,-0.13,-0.16,SupraVentricular
0.711,-0.1,-0.11,SupraVentricular
0.719,-0.08,-0.06,SupraVentricular
0.727,-0.08,-0.1,SupraVentricular
0.734,-0.11,-0.14,SupraVentricular
0.742,-0.09,-0.11,SupraVentricular
0.75,-0.04,-0.04,SupraVentricular
0.758,-0.08,-0.11,SupraVentricular
0.766,-0.05,-0.08,SupraVentricular
0.773,-0.04,-0.07,SupraVentricular
0.781,-0.04,-0.03,SupraVentricular
0.789,-0.03,-0.05,SupraVentricular
0.797,-0.03,-0.04,SupraVentricular
0.805,-0.07,-0.02,SupraVentricular
0.812,-0.06,-0.02,SupraVentricular
0.82,-0.08,-0.03,SupraVentricular
0.828,-0.1,0,SupraVentricular
0.836,-0.11,0.02,SupraVentricular
0.844,-0.11,0,SupraVentricular
0.852,-0.14,-0.02,SupraVentricular
0.859,-0.14,-0.03,SupraVentricular
0.867,-0.09,-0.04,SupraVentricular
0.875,-0.1,-0.05,SupraVentricular
0.883,-0.09,-0.08,SupraVentricular
0.891,-0.05,-0.1,SupraVentricular
0.898,-0.05,-0.1,SupraVentricular
0.906,-0.04,-0.11,SupraVentricular
0.914,-0.04,-0.17,SupraVentricular
0.922,-0.08,-0.19,SupraVentricular
0.93,-0.07,-0.17,SupraVentricular
0.938,-0.07,-0.2,SupraVentricular
0.945,-0.09,-0.21,SupraVentricular
0.953,-0.11,-0.2,SupraVentricular
0.961,-0.1,-0.2,SupraVentricular
0.969,-0.09,-0.19,SupraVentricular
0.977,-0.11,-0.22,SupraVentricular
0.984,-0.08,-0.23,SupraVentricular
0.992,-0.07,-0.2,SupraVentricular
1,-0.05,-0.2,SupraVentricular
1.008,-0.05,-0.21,SupraVentricular
1.016,-0.03,-0.2,SupraVentricular
1.023,-0.03,-0.18,SupraVentricular
1.031,-0.02,-0.18,SupraVentricular
1.039,-0.01,-0.17,SupraVentricular
1.047,0,-0.16,SupraVentricular
1.055,-0.01,-0.14,SupraVentricular
1.062,0,-0.15,SupraVentricular
1.07,-0.03,-0.15,SupraVentricular
1.078,-0.05,-0.15,SupraVentricular
1.086,-0.04,-0.15,SupraVentricular
1.094,0.01,-0.14,SupraVentricular
1.102,0.04,-0.19,SupraVentricular
1.109,0.02,-0.17,SupraVentricular
1.117,0.05,-0.16,SupraVentricular
1.125,0.22,-0.18,SupraVentricular
1.133,0.34,-0.12,SupraVentricular
1.141,0.25,-0.09,SupraVentricular
1.148,0.32,-0.04,SupraVentricular
1.156,0.32,-0.04,SupraVentricular
1.164,0.2,-0.03,SupraVentricular
1.172,0.07,-0.02,SupraVentricular
1.18,-0.14,-0.08,SupraVentricular
1.188,-0.14,-0.13,SupraVentricular
1.195,-0.22,-0.14,SupraVentricular
1.203,-0.23,-0.13,SupraVentricular
1.211,-0.23,-0.14,SupraVentricular
1.219,-0.23,-0.13,SupraVentricular
1.227,-0.25,-0.15,SupraVentricular
1.234,-0.27,-0.13,SupraVentricular
1.242,-0.23,-0.13,SupraVentricular
1.25,-0.22,-0.14,SupraVentricular
1.258,-0.23,-0.14,SupraVentricular
1.266,-0.26,-0.32,SupraVentricular
1.273,0.27,0.12,SupraVentricular
1.281,0.905,0.755,SupraVentricular
1.289,1.54,1.39,SupraVentricular
1.297,0.9,1.59,SupraVentricular
1.305,0.26,0.95,SupraVentricular
1.312,-0.38,0.31,SupraVentricular
1.32,-1.02,-0.33,SupraVentricular
1.328,-1.31,-0.43,SupraVentricular
1.336,-0.91,-0.1,SupraVentricular
1.344,-0.38,-0.18,SupraVentricular
1.352,-0.31,-0.16,SupraVentricular
1.359,-0.24,-0.14,SupraVentricular
1.367,-0.2,-0.13,SupraVentricular
1.375,-0.19,-0.13,SupraVentricular
1.383,-0.17,-0.11,SupraVentricular
1.391,-0.14,-0.1,SupraVentricular
1.398,-0.13,-0.11,SupraVentricular
1.406,-0.15,-0.12,SupraVentricular
1.414,-0.12,-0.11,SupraVentricular
1.422,-0.12,-0.09,SupraVentricular
1.43,-0.11,-0.11,SupraVentricular
1.438,-0.1,-0.11,SupraVentricular
1.445,-0.08,-0.09,SupraVentricular
1.453,-0.08,-0.08,SupraVentricular
1.461,-0.08,-0.08,SupraVentricular
1.469,-0.05,-0.07,SupraVentricular
1.477,-0.04,-0.04,SupraVentricular
1.484,-0.02,-0.03,SupraVentricular
1.492,-0.02,-0.03,SupraVentricular
1.5,0,0,SupraVentricular
1.508,0.01,0.02,SupraVentricular
1.516,0.04,0.05,SupraVentricular
1.523,0.02,0.04,SupraVentricular
1.531,0.04,0.07,SupraVentricular
1.539,0.03,0.08,SupraVentricular
1.547,0.03,0.1,SupraVentricular
1.555,0.02,0.09,SupraVentricular
1.562,0.02,0.09,SupraVentricular
1.57,0.02,0.12,SupraVentricular
1.578,0.01,0.09,SupraVentricular
1.586,0,0.06,SupraVentricular
1.594,0.01,0.05,SupraVentricular
1.602,0,0.03,SupraVentricular
1.609,0,0.01,SupraVentricular
1.617,0.03,-0.03,SupraVentricular
1.625,0.02,-0.03,SupraVentricular
1.633,-0.01,-0.03,SupraVentricular
1.641,-0.03,-0.07,SupraVentricular
1.648,-0.03,-0.09,SupraVentricular
1.656,-0.08,-0.09,SupraVentricular
1.664,-0.06,-0.09,SupraVentricular
1.672,-0.06,-0.09,SupraVentricular
1.68,-0.08,-0.12,SupraVentricular
1.688,-0.07,-0.11,SupraVentricular
1.695,-0.06,-0.1,SupraVentricular
1.703,-0.07,-0.12,SupraVentricular
1.711,-0.07,-0.14,SupraVentricular
1.719,-0.03,-0.12,SupraVentricular
1.727,-0.04,-0.1,SupraVentricular
1.734,-0.03,-0.1,SupraVentricular
1.742,-0.01,-0.11,SupraVentricular
1.75,-0.01,-0.08,SupraVentricular
1.758,-0.01,-0.07,SupraVentricular
1.766,0.01,-0.09,SupraVentricular
1.773,-0.01,-0.09,SupraVentricular
1.781,0,-0.07,SupraVentricular
1.789,0.02,-0.06,SupraVentricular
1.797,0,-0.06,SupraVentricular
1.805,-0.01,-0.07,SupraVentricular
1.812,0.05,-0.08,SupraVentricular
1.82,0.1,-0.07,SupraVentricular
1.828,0.09,-0.1,SupraVentricular
1.836,0.11,-0.1,SupraVentricular
1.844,0.16,-0.1,SupraVentricular
1.852,0.33,-0.08,SupraVentricular
1.859,0.41,-0.02,SupraVentricular
1.867,0.32,-0.03,SupraVentricular
1.875,0.44,0.04,SupraVentricular
1.883,0.32,0.07,SupraVentricular
1.891,0.25,0.05,SupraVentricular
1.898,0.1,0.05,SupraVentricular
1.906,-0.08,-0.07,SupraVentricular
1.914,-0.08,-0.02,SupraVentricular
1.922,-0.11,-0.05,SupraVentricular
1.93,-0.15,-0.06,SupraVentricular
1.938,-0.13,-0.04,SupraVentricular
1.945,-0.15,-0.03,SupraVentricular
1.953,-0.15,-0.07,SupraVentricular
1.961,-0.17,-0.07,SupraVentricular
1.969,-0.14,-0.05,SupraVentricular
1.977,-0.14,-0.03,SupraVentricular
1.984,-0.19,-0.17,SupraVentricular
1.992,-0.03,-0.15,SupraVentricular
2,0.605,0.485,SupraVentricular
2.008,1.24,1.12,SupraVentricular
2.016,1.875,1.755,SupraVentricular
2.023,1.235,1.115,SupraVentricular
2.031,0.595,0.475,SupraVentricular
2.039,-0.045,-0.165,SupraVentricular
2.047,-0.685,-0.4,SupraVentricular
2.055,-0.95,-0.09,SupraVentricular
2.062,-0.53,-0.07,SupraVentricular
2.07,-0.26,-0.06,SupraVentricular
2.078,-0.2,-0.06,SupraVentricular
2.086,-0.2,-0.07,SupraVentricular
2.094,-0.14,-0.03,SupraVentricular
2.102,-0.15,-0.03,SupraVentricular
2.109,-0.14,-0.05,SupraVentricular
2.117,-0.1,-0.04,SupraVentricular
2.125,-0.1,-0.03,SupraVentricular
2.133,-0.1,-0.03,SupraVentricular
2.141,-0.09,-0.08,SupraVentricular
2.148,-0.1,-0.08,SupraVentricular
2.156,-0.08,-0.07,SupraVentricular
2.164,-0.05,-0.07,SupraVentricular
2.172,-0.02,-0.03,SupraVentricular
2.18,-0.04,-0.03,SupraVentricular
2.188,0.01,-0.04,SupraVentricular
2.195,0,-0.01,SupraVentricular
2.203,0.02,0.01,SupraVentricular
2.211,0.04,0.06,SupraVentricular
2.219,0.06,0.04,SupraVentricular
2.227,0.07,0.09,SupraVentricular
2.234,0.08,0.12,SupraVentricular
2.242,0.13,0.15,SupraVentricular
2.25,0.11,0.16,SupraVentricular
2.258,0.13,0.16,SupraVentricular
2.266,0.12,0.17,SupraVentricular
2.273,0.09,0.16,SupraVentricular
2.281,0.08,0.13,SupraVentricular
2.289,0.1,0.11,SupraVentricular
2.297,0.09,0.14,SupraVentricular
2.305,0.11,0.12,SupraVentricular
2.312,0.11,0.12,SupraVentricular
2.32,0.1,0.11,SupraVentricular
2.328,0.09,0.07,SupraVentricular
2.336,0.05,0.04,SupraVentricular
2.344,0.08,0.03,SupraVentricular
2.352,0.04,-0.01,SupraVentricular
2.359,0.01,-0.01,SupraVentricular
2.367,0,-0.04,SupraVentricular
2.375,-0.01,-0.05,SupraVentricular
2.383,-0.04,-0.07,SupraVentricular
2.391,-0.04,-0.09,SupraVentricular
2.398,-0.05,-0.1,SupraVentricular
2.406,-0.06,-0.12,SupraVentricular
2.414,-0.02,-0.08,SupraVentricular
2.422,-0.03,-0.08,SupraVentricular
2.43,-0.04,-0.07,SupraVentricular
2.438,-0.04,-0.11,SupraVentricular
2.445,-0.03,-0.1,SupraVentricular
2.453,-0.03,-0.09,SupraVentricular
2.461,-0.06,-0.1,SupraVentricular
2.469,-0.01,-0.12,SupraVentricular
2.477,-0.01,-0.11,SupraVentricular
2.484,-0.02,-0.11,SupraVentricular
2.492,0.02,-0.09,SupraVentricular
2.5,0.02,-0.08,SupraVentricular
2.508,0.01,-0.09,SupraVentricular
2.516,0.01,-0.06,SupraVentricular
2.523,-0.02,-0.04,SupraVentricular
2.531,-0.02,-0.08,SupraVentricular
2.539,-0.03,-0.06,SupraVentricular
2.547,0.05,-0.04,SupraVentricular
2.555,0.04,-0.11,SupraVentricular
2.562,0.05,-0.1,SupraVentricular
2.57,0.09,-0.08,SupraVentricular
2.578,0.21,-0.08,SupraVentricular
2.586,0.37,-0.07,SupraVentricular
2.594,0.39,-0.03,SupraVentricular
2.602,0.34,-0.02,SupraVentricular
2.609,0.42,0.01,SupraVentricular
2.617,0.26,0.01,SupraVentricular
2.625,0.15,0.04,SupraVentricular
2.633,-0.07,-0.05,SupraVentricular
2.641,-0.07,-0.06,SupraVentricular
2.648,-0.18,-0.11,SupraVentricular
2.656,-0.13,-0.09,SupraVentricular
2.664,-0.17,-0.12,SupraVentricular
2.672,-0.16,-0.11,SupraVentricular
2.68,-0.16,-0.14,SupraVentricular
2.688,-0.21,-0.15,SupraVentricular
2.695,-0.14,-0.1,SupraVentricular
2.703,-0.18,-0.1,SupraVentricular
2.711,-0.15,-0.13,SupraVentricular
2.719,-0.18,-0.31,SupraVentricular
2.727,0.21,0.08,SupraVentricular
2.734,0.845,0.715,SupraVentricular
2.742,1.48,1.35,SupraVentricular
2.75,1.01,1.57,SupraVentricular
2.758,0.37,0.93,SupraVentricular
2.766,-0.27,0.29,SupraVentricular
2.773,-0.91,-0.35,SupraVentricular
2.781,-1.46,-0.59,SupraVentricular
2.789,-0.96,-0.24,SupraVentricular
2.797,-0.43,-0.22,SupraVentricular
2.805,-0.27,-0.14,SupraVentricular
2.812,-0.22,-0.16,SupraVentricular
2.82,-0.19,-0.16,SupraVentricular
2.828,-0.18,-0.1,SupraVentricular
2.836,-0.17,-0.1,SupraVentricular
2.844,-0.14,-0.14,SupraVentricular
2.852,-0.16,-0.09,SupraVentricular
2.859,-0.14,-0.1,SupraVentricular
2.867,-0.12,-0.12,SupraVentricular
2.875,-0.11,-0.09,SupraVentricular
2.883,-0.13,-0.1,SupraVentricular
2.891,-0.11,-0.09,SupraVentricular
2.898,-0.1,-0.08,SupraVentricular
2.906,-0.1,-0.07,SupraVentricular
2.914,-0.09,-0.07,SupraVentricular
2.922,-0.06,-0.03,SupraVentricular
2.93,-0.07,-0.07,SupraVentricular
2.938,-0.06,-0.05,SupraVentricular
2.945,-0.02,0.01,SupraVentricular
2.953,-0.03,0.02,SupraVentricular
2.961,-0.06,-0.02,SupraVentricular
2.969,-0.04,-0.02,SupraVentricular
2.977,-0.06,0.01,SupraVentricular
2.984,-0.08,0.02,SupraVentricular
2.992,-0.06,-0.02,SupraVentricular
3,-0.08,0,SupraVentricular
3.008,-0.09,0.05,SupraVentricular
3.016,-0.05,0.08,SupraVentricular
3.023,-0.11,-0.01,SupraVentricular
3.031,-0.1,0,SupraVentricular
3.039,-0.07,0.01,SupraVentricular
3.047,-0.07,0,SupraVentricular
3.055,-0.04,-0.03,SupraVentricular
3.062,-0.03,-0.04,SupraVentricular
3.07,-0.01,-0.01,SupraVentricular
3.078,0.01,-0.03,SupraVentricular
3.086,-0.04,-0.11,SupraVentricular
3.094,-0.02,-0.13,SupraVentricular
3.102,-0.07,-0.16,SupraVentricular
3.109,-0.06,-0.1,SupraVentricular
3.117,-0.06,-0.19,SupraVentricular
3.125,-0.1,-0.16,SupraVentricular
3.133,-0.07,-0.13,SupraVentricular
3.141,-0.08,-0.17,SupraVentricular
3.148,-0.05,-0.14,SupraVentricular
3.156,-0.06,-0.17,SupraVentricular
3.164,-0.07,-0.15,SupraVentricular
3.172,-0.03,-0.15,SupraVentricular
3.18,-0.02,-0.18,SupraVentricular
3.188,-0.08,-0.22,SupraVentricular
3.195,0,-0.16,SupraVentricular
3.203,-0.05,-0.15,SupraVentricular
3.211,-0.03,-0.12,SupraVentricular
3.219,-0.02,-0.16,SupraVentricular
3.227,-0.01,-0.1,SupraVentricular
3.234,-0.03,-0.13,SupraVentricular
3.242,-0.02,-0.15,SupraVentricular
3.25,-0.03,-0.12,SupraVentricular
3.258,-0.03,-0.09,SupraVentricular
3.266,-0.04,-0.11,SupraVentricular
3.273,-0.05,-0.1,SupraVentricular
3.281,-0.02,-0.13,SupraVentricular
3.289,0.02,-0.16,SupraVentricular
3.297,0.1,-0.1,SupraVentricular
3.305,0.06,-0.19,SupraVentricular
3.312,0.1,-0.16,SupraVentricular
3.32,0.33,-0.16,SupraVentricular
3.328,0.45,-0.08,SupraVentricular
3.336,0.28,-0.11,SupraVentricular
3.344,0.4,-0.05,SupraVentricular
3.352,0.33,-0.04,SupraVentricular
3.359,0.26,0,SupraVentricular
3.367,0.12,-0.05,SupraVentricular
3.375,-0.13,-0.17,SupraVentricular
3.383,-0.13,-0.11,SupraVentricular
3.391,-0.14,-0.12,SupraVentricular
3.398,-0.14,-0.13,SupraVentricular
3.406,-0.19,-0.16,SupraVentricular
3.414,-0.18,-0.11,SupraVentricular
3.422,-0.15,-0.12,SupraVentricular
3.43,-0.18,-0.17,SupraVentricular
3.438,-0.16,-0.11,SupraVentricular
3.445,-0.13,-0.11,SupraVentricular
3.453,-0.14,-0.13,SupraVentricular
3.461,-0.11,-0.29,SupraVentricular
3.469,0.525,0.345,SupraVentricular
3.477,1.16,0.98,SupraVentricular
3.484,1.795,1.615,SupraVentricular
3.492,1.155,0.975,SupraVentricular
3.5,0.515,0.335,SupraVentricular
3.508,-0.125,-0.305,SupraVentricular
3.516,-0.765,-0.84,SupraVentricular
3.523,-1.21,-0.58,SupraVentricular
3.531,-0.84,-0.13,SupraVentricular
3.539,-0.3,-0.19,SupraVentricular
3.547,-0.21,-0.17,SupraVentricular
3.555,-0.2,-0.17,SupraVentricular
3.562,-0.18,-0.15,SupraVentricular
3.57,-0.14,-0.14,SupraVentricular
3.578,-0.12,-0.14,SupraVentricular
3.586,-0.14,-0.13,SupraVentricular
3.594,-0.11,-0.11,SupraVentricular
3.602,-0.1,-0.1,SupraVentricular
3.609,-0.11,-0.1,SupraVentricular
3.617,-0.1,-0.09,SupraVentricular
3.625,-0.07,-0.08,SupraVentricular
3.633,-0.07,-0.08,SupraVentricular
3.641,-0.08,-0.07,SupraVentricular
3.648,-0.04,-0.05,SupraVentricular
3.656,-0.05,-0.05,SupraVentricular
3.664,-0.02,-0.03,SupraVentricular
3.672,0,-0.01,SupraVentricular
3.68,0,0,SupraVentricular
3.688,-0.01,0.02,SupraVentricular
3.695,0.03,0.05,SupraVentricular
3.703,0.01,0.05,SupraVentricular
3.711,-0.01,0.07,SupraVentricular
3.719,0,0.08,SupraVentricular
3.727,-0.01,0.1,SupraVentricular
3.734,-0.03,0.09,SupraVentricular
3.742,-0.06,0.1,SupraVentricular
3.75,-0.07,0.11,SupraVentricular
3.758,-0.1,0.09,SupraVentricular
3.766,-0.09,0.08,SupraVentricular
3.773,-0.08,0.09,SupraVentricular
3.781,-0.1,0.09,SupraVentricular
3.789,-0.09,0.05,SupraVentricular
3.797,-0.05,0.04,SupraVentricular
3.805,-0.08,0.03,SupraVentricular
3.812,-0.06,0.01,SupraVentricular
3.82,-0.05,-0.02,SupraVentricular
3.828,-0.09,-0.03,SupraVentricular
3.836,-0.09,-0.05,SupraVentricular
3.844,-0.11,-0.08,SupraVentricular
3.852,-0.12,-0.09,SupraVentricular
3.859,-0.14,-0.08,SupraVentricular
3.867,-0.11,-0.08,SupraVentricular
3.875,-0.13,-0.08,SupraVentricular
3.883,-0.12,-0.09,SupraVentricular
3.891,-0.12,-0.08,SupraVentricular
3.898,-0.11,-0.06,SupraVentricular
3.906,-0.1,-0.08,SupraVentricular
3.914,-0.1,-0.09,SupraVentricular
3.922,-0.07,-0.07,SupraVentricular
3.93,-0.05,-0.07,SupraVentricular
3.938,-0.04,-0.06,SupraVentricular
3.945,-0.01,-0.06,SupraVentricular
3.953,-0.01,-0.04,SupraVentricular
3.961,-0.01,-0.03,SupraVentricular
3.969,0.01,-0.03,SupraVentricular
3.977,0.01,-0.03,SupraVentricular
3.984,0.02,-0.02,SupraVentricular
3.992,0.01,0,SupraVentricular
