time,sign0,sign1,type
0,0.28,0.255,MalignantVentricular
0.004,0.255,0.24,MalignantVentricular
0.008,0.175,0.24,MalignantVentricular
0.012,0.12,0.24,MalignantVentricular
0.016,0.06,0.225,MalignantVentricular
0.02,0.03,0.235,MalignantVentricular
0.024,0.035,0.205,MalignantVentricular
0.028,0.04,0.215,MalignantVentricular
0.032,0,0.19,MalignantVentricular
0.036,-0.015,0.175,MalignantVentricular
0.04,-0.025,0.18,MalignantVentricular
0.044,-0.015,0.215,MalignantVentricular
0.048,-0.04,0.215,MalignantVentricular
0.052,-0.01,0.22,MalignantVentricular
0.056,0,0.215,MalignantVentricular
0.06,-0.005,0.215,MalignantVentricular
0.064,-0.03,0.195,MalignantVentricular
0.068,-0.05,0.18,MalignantVentricular
0.072,-0.045,0.175,MalignantVentricular
0.076,-0.06,0.185,MalignantVentricular
0.08,-0.025,0.2,MalignantVentricular
0.084,-0.03,0.21,MalignantVentricular
0.088,-0.025,0.205,MalignantVentricular
0.092,-0.02,0.195,MalignantVentricular
0.096,-0.02,0.2,MalignantVentricular
0.1,-0.05,0.185,MalignantVentricular
0.104,-0.065,0.175,MalignantVentricular
0.108,-0.05,0.17,MalignantVentricular
0.112,-0.045,0.2,MalignantVentricular
0.116,-0.035,0.19,MalignantVentricular
0.12,-0.025,0.2,MalignantVentricular
0.124,-0.035,0.19,MalignantVentricular
0.128,-0.01,0.19,MalignantVentricular
0.132,-0.045,0.18,MalignantVentricular
0.136,-0.045,0.2,MalignantVentricular
0.14,-0.065,0.195,MalignantVentricular
0.144,-0.065,0.19,MalignantVentricular
0.148,-0.055,0.21,MalignantVentricular
0.152,-0.025,0.22,MalignantVentricular
0.156,-0.02,0.225,MalignantVentricular
0.16,-0.025,0.225,MalignantVentricular
0.164,-0.025,0.225,MalignantVentricular
0.168,-0.035,0.185,MalignantVentricular
0.172,-0.04,0.2,MalignantVentricular
0.176,-0.035,0.21,MalignantVentricular
0.18,-0.035,0.23,MalignantVentricular
0.184,-0.015,0.255,MalignantVentricular
0.188,-0.01,0.24,MalignantVentricular
0.192,-0.005,0.27,MalignantVentricular
0.196,0.005,0.255,MalignantVentricular
0.2,0,0.265,MalignantVentricular
0.204,-0.005,0.255,MalignantVentricular
0.208,0,0.28,MalignantVentricular
0.212,0.02,0.31,MalignantVentricular
0.216,0.03,0.335,MalignantVentricular
0.22,0.06,0.34,MalignantVentricular
0.224,0.075,0.34,MalignantVentricular
0.228,0.08,0.36,MalignantVentricular
0.232,0.07,0.345,MalignantVentricular
0.236,0.1,0.375,MalignantVentricular
0.24,0.105,0.385,MalignantVentricular
0.244,0.115,0.38,MalignantVentricular
0.248,0.14,0.415,MalignantVentricular
0.252,0.17,0.435,MalignantVentricular
0.256,0.17,0.41,MalignantVentricular
0.26,0.195,0.39,MalignantVentricular
0.264,0.195,0.395,MalignantVentricular
0.268,0.18,0.395,MalignantVentricular
0.272,0.185,0.35,MalignantVentricular
0.276,0.185,0.355,MalignantVentricular
0.28,0.2,0.375,MalignantVentricular
0.284,0.21,0.37,MalignantVentricular
0.288,0.205,0.36,MalignantVentricular
0.292,0.19,0.325,MalignantVentricular
0.296,0.175,0.305,MalignantVentricular
0.3,0.145,0.295,MalignantVentricular
0.304,0.155,0.28,MalignantVentricular
0.308,0.11,0.275,MalignantVentricular
0.312,0.09,0.275,MalignantVentricular
0.316,0.07,0.26,MalignantVentricular
0.32,0.095,0.26,MalignantVentricular
0.324,0.07,0.245,MalignantVentricular
0.328,0.075,0.235,MalignantVentricular
0.332,0.06,0.205,MalignantVentricular
0.336,0.035,0.195,MalignantVentricular
0.34,0.015,0.23,MalignantVentricular
0.344,-0.005,0.225,MalignantVentricular
0.348,0,0.22,MalignantVentricular
0.352,0.015,0.22,MalignantVentricular
0.356,0.02,0.205,MalignantVentricular
0.36,0.015,0.205,MalignantVentricular
0.364,-0.005,0.185,MalignantVentricular
0.368,-0.03,0.18,MalignantVentricular
0.372,-0.03,0.16,MalignantVentricular
0.376,-0.005,0.185,MalignantVentricular
0.38,-0.02,0.18,MalignantVentricular
0.384,-0.015,0.185,MalignantVentricular
0.388,-0.02,0.195,MalignantVentricular
0.392,0,0.195,MalignantVentricular
0.396,0.005,0.195,MalignantVentricular
0.4,-0.035,0.175,MalignantVentricular
0.404,-0.07,0.175,MalignantVentricular
0.408,-0.04,0.185,MalignantVentricular
0.412,-0.015,0.185,MalignantVentricular
0.416,-0.03,0.215,MalignantVentricular
0.42,-0.01,0.195,MalignantVentricular
0.424,0.005,0.205,MalignantVentricular
0.428,0.01,0.185,MalignantVentricular
0.432,-0.005,0.175,MalignantVentricular
0.436,-0.025,0.185,MalignantVentricular
0.44,-0.03,0.19,MalignantVentricular
0.444,-0.025,0.195,MalignantVentricular
0.448,-0.025,0.185,MalignantVentricular
0.452,-0.01,0.185,MalignantVentricular
0.456,-0.015,0.185,MalignantVentricular
0.46,0.01,0.185,MalignantVentricular
0.464,-0.005,0.18,MalignantVentricular
0.468,-0.025,0.15,MalignantVentricular
0.472,-0.035,0.185,MalignantVentricular
0.476,-0.045,0.185,MalignantVentricular
0.48,-0.04,0.18,MalignantVentricular
0.484,-0.04,0.195,MalignantVentricular
0.488,-0.025,0.18,MalignantVentricular
0.492,-0.01,0.185,MalignantVentricular
0.496,-0.02,0.19,MalignantVentricular
0.5,-0.05,0.155,MalignantVentricular
0.504,-0.065,0.16,MalignantVentricular
0.508,-0.075,0.18,MalignantVentricular
0.512,-0.055,0.205,MalignantVentricular
0.516,-0.035,0.19,MalignantVentricular
0.52,-0.01,0.185,MalignantVentricular
0.524,-0.03,0.185,MalignantVentricular
0.528,-0.02,0.185,MalignantVentricular
0.532,-0.035,0.165,MalignantVentricular
0.536,-0.065,0.14,MalignantVentricular
0.54,-0.065,0.155,MalignantVentricular
0.544,-0.065,0.17,MalignantVentricular
0.548,-0.065,0.17,MalignantVentricular
0.552,-0.04,0.165,MalignantVentricular
0.556,-0.01,0.175,MalignantVentricular
0.56,-0.03,0.155,MalignantVentricular
0.564,-0.055,0.155,MalignantVentricular
0.568,-0.055,0.14,MalignantVentricular
0.572,-0.055,0.125,MalignantVentricular
0.576,-0.08,0.13,MalignantVentricular
0.58,-0.06,0.14,MalignantVentricular
0.584,-0.04,0.145,MalignantVentricular
0.588,-0.04,0.15,MalignantVentricular
0.592,-0.04,0.135,MalignantVentricular
0.596,-0.04,0.155,MalignantVentricular
0.6,-0.055,0.125,MalignantVentricular
0.604,-0.06,0.115,MalignantVentricular
0.608,-0.08,0.135,MalignantVentricular
0.612,-0.075,0.13,MalignantVentricular
0.616,-0.05,0.135,MalignantVentricular
0.62,-0.055,0.135,MalignantVentricular
0.624,-0.035,0.145,MalignantVentricular
0.628,-0.055,0.115,MalignantVentricular
0.632,-0.055,0.12,MalignantVentricular
0.636,-0.075,0.125,MalignantVentricular
0.64,-0.065,0.09,MalignantVentricular
0.644,-0.08,0.115,MalignantVentricular
0.648,-0.055,0.105,MalignantVentricular
0.652,-0.05,0.125,MalignantVentricular
0.656,-0.025,0.145,MalignantVentricular
0.66,-0.035,0.155,MalignantVentricular
0.664,-0.06,0.11,MalignantVentricular
0.668,-0.09,0.105,MalignantVentricular
0.672,-0.06,0.11,MalignantVentricular
0.676,-0.075,0.125,MalignantVentricular
0.68,-0.065,0.135,MalignantVentricular
0.684,-0.045,0.18,MalignantVentricular
0.688,0,0.165,MalignantVentricular
0.692,-0.025,0.185,MalignantVentricular
0.696,-0.005,0.16,MalignantVentricular
0.7,-0.015,0.16,MalignantVentricular
0.704,-0.025,0.155,MalignantVentricular
0.708,-0.01,0.185,MalignantVentricular
0.712,0,0.205,MalignantVentricular
0.716,0.015,0.21,MalignantVentricular
0.72,0.015,0.23,MalignantVentricular
0.724,0.01,0.215,MalignantVentricular
0.728,0.04,0.19,MalignantVentricular
0.732,0.05,0.2,MalignantVentricular
0.736,0.04,0.19,MalignantVentricular
0.74,0.035,0.195,MalignantVentricular
0.744,0.035,0.185,MalignantVentricular
0.748,0.05,0.21,MalignantVentricular
0.752,0.035,0.2,MalignantVentricular
0.756,0.02,0.205,MalignantVentricular
0.76,0.04,0.2,MalignantVentricular
0.764,0,0.2,MalignantVentricular
0.768,0.02,0.15,MalignantVentricular
0.772,-0.01,0.13,MalignantVentricular
0.776,0.005,0.15,MalignantVentricular
0.78,0,0.155,MalignantVentricular
0.784,-0.005,0.185,MalignantVentricular
0.788,0,0.175,MalignantVentricular
0.792,0.005,0.17,MalignantVentricular
0.796,0,0.16,MalignantVentricular
0.8,-0.025,0.15,MalignantVentricular
0.804,-0.03,0.135,MalignantVentricular
0.808,-0.035,0.13,MalignantVentricular
0.812,-0.05,0.15,MalignantVentricular
0.816,-0.015,0.155,MalignantVentricular
0.82,-0.01,0.18,MalignantVentricular
0.824,-0.01,0.2,MalignantVentricular
0.828,-0.01,0.16,MalignantVentricular
0.832,-0.025,0.155,MalignantVentricular
0.836,-0.035,0.13,MalignantVentricular
0.84,-0.035,0.155,MalignantVentricular
0.844,-0.015,0.18,MalignantVentricular
0.848,0,0.22,MalignantVentricular
0.852,0.01,0.24,MalignantVentricular
0.856,0.015,0.265,MalignantVentricular
0.86,0.005,0.28,MalignantVentricular
0.864,0.02,0.295,MalignantVentricular
0.868,0.03,0.36,MalignantVentricular
0.872,0.03,0.465,MalignantVentricular
0.876,0.085,0.595,MalignantVentricular
0.88,0.12,0.74,MalignantVentricular
0.884,0.175,0.88,MalignantVentricular
0.888,0.225,0.88,MalignantVentricular
0.892,0.33,0.9,MalignantVentricular
0.896,0.47,0.795,MalignantVentricular
0.9,0.565,0.695,MalignantVentricular
0.904,0.66,0.58,MalignantVentricular
0.908,0.69,0.51,MalignantVentricular
0.912,0.675,0.47,MalignantVentricular
0.916,0.615,0.425,MalignantVentricular
0.92,0.495,0.34,MalignantVentricular
0.924,0.385,0.28,MalignantVentricular
0.928,0.31,0.245,MalignantVentricular
0.932,0.255,0.2,MalignantVentricular
0.936,0.19,0.185,MalignantVentricular
0.94,0.13,0.155,MalignantVentricular
0.944,0.065,0.175,MalignantVentricular
0.948,0.025,0.185,MalignantVentricular
0.952,0.02,0.17,MalignantVentricular
0.956,0.005,0.175,MalignantVentricular
0.96,0.015,0.145,MalignantVentricular
0.964,-0.01,0.125,MalignantVentricular
0.968,-0.03,0.115,MalignantVentricular
0.972,-0.05,0.12,MalignantVentricular
0.976,-0.055,0.115,MalignantVentricular
0.98,-0.04,0.14,MalignantVentricular
0.984,-0.04,0.135,MalignantVentricular
0.988,-0.04,0.145,MalignantVentricular
0.992,-0.04,0.13,MalignantVentricular
0.996,-0.07,0.145,MalignantVentricular
1,-0.075,0.125,MalignantVentricular
1.004,-0.06,0.11,MalignantVentricular
1.008,-0.09,0.115,MalignantVentricular
1.012,-0.065,0.13,MalignantVentricular
1.016,-0.065,0.115,MalignantVentricular
1.02,-0.045,0.14,MalignantVentricular
1.024,-0.055,0.155,MalignantVentricular
1.028,-0.05,0.14,MalignantVentricular
1.032,-0.045,0.135,MalignantVentricular
1.036,-0.07,0.115,MalignantVentricular
1.04,-0.085,0.105,MalignantVentricular
1.044,-0.08,0.135,MalignantVentricular
1.048,-0.085,0.135,MalignantVentricular
1.052,-0.08,0.155,MalignantVentricular
1.056,-0.06,0.175,MalignantVentricular
1.06,-0.06,0.155,MalignantVentricular
1.064,-0.085,0.15,MalignantVentricular
1.068,-0.065,0.135,MalignantVentricular
1.072,-0.075,0.12,MalignantVentricular
1.076,-0.1,0.13,MalignantVentricular
1.08,-0.1,0.15,MalignantVentricular
1.084,-0.055,0.165,MalignantVentricular
1.088,-0.05,0.155,MalignantVentricular
1.092,-0.05,0.15,MalignantVentricular
1.096,-0.05,0.17,MalignantVentricular
1.1,-0.045,0.13,MalignantVentricular
1.104,-0.075,0.145,MalignantVentricular
1.108,-0.045,0.15,MalignantVentricular
1.112,-0.06,0.145,MalignantVentricular
1.116,-0.04,0.16,MalignantVentricular
1.12,-0.025,0.175,MalignantVentricular
1.124,-0.04,0.19,MalignantVentricular
1.128,-0.035,0.185,MalignantVentricular
1.132,-0.045,0.165,MalignantVentricular
1.136,-0.045,0.18,MalignantVentricular
1.14,-0.04,0.185,MalignantVentricular
1.144,-0.03,0.2,MalignantVentricular
1.148,0,0.235,MalignantVentricular
1.152,-0.01,0.26,MalignantVentricular
1.156,0,0.245,MalignantVentricular
1.16,0,0.275,MalignantVentricular
1.164,0.025,0.25,MalignantVentricular
1.168,0.005,0.275,MalignantVentricular
1.172,0.02,0.265,MalignantVentricular
1.176,0.03,0.315,MalignantVentricular
1.18,0.07,0.33,MalignantVentricular
1.184,0.075,0.345,MalignantVentricular
1.188,0.09,0.36,MalignantVentricular
1.192,0.1,0.37,MalignantVentricular
1.196,0.135,0.355,MalignantVentricular
1.2,0.115,0.325,MalignantVentricular
1.204,0.13,0.33,MalignantVentricular
1.208,0.125,0.345,MalignantVentricular
1.212,0.12,0.345,MalignantVentricular
1.216,0.15,0.345,MalignantVentricular
1.22,0.165,0.35,MalignantVentricular
1.224,0.155,0.335,MalignantVentricular
1.228,0.155,0.305,MalignantVentricular
1.232,0.125,0.285,MalignantVentricular
1.236,0.12,0.265,MalignantVentricular
1.24,0.1,0.25,MalignantVentricular
1.244,0.085,0.275,MalignantVentricular
1.248,0.09,0.255,MalignantVentricular
1.252,0.085,0.265,MalignantVentricular
1.256,0.075,0.245,MalignantVentricular
1.26,0.07,0.235,MalignantVentricular
1.264,0.05,0.23,MalignantVentricular
1.268,0.035,0.21,MalignantVentricular
1.272,0.01,0.19,MalignantVentricular
1.276,0.005,0.2,MalignantVentricular
1.28,-0.005,0.205,MalignantVentricular
1.284,0.005,0.2,MalignantVentricular
1.288,0.005,0.21,MalignantVentricular
1.292,0.01,0.215,MalignantVentricular
1.296,-0.01,0.175,MalignantVentricular
1.3,-0.05,0.19,MalignantVentricular
1.304,-0.03,0.185,MalignantVentricular
1.308,-0.04,0.18,MalignantVentricular
1.312,-0.045,0.155,MalignantVentricular
1.316,-0.005,0.195,MalignantVentricular
1.32,-0.005,0.195,MalignantVentricular
1.324,-0.025,0.185,MalignantVentricular
1.328,-0.025,0.195,MalignantVentricular
1.332,-0.04,0.17,MalignantVentricular
1.336,-0.055,0.15,MalignantVentricular
1.34,-0.035,0.175,MalignantVentricular
1.344,-0.055,0.185,MalignantVentricular
1.348,-0.05,0.185,MalignantVentricular
1.352,-0.04,0.2,MalignantVentricular
1.356,-0.025,0.205,MalignantVentricular
1.36,-0.02,0.195,MalignantVentricular
1.364,-0.035,0.165,MalignantVentricular
1.368,-0.045,0.155,MalignantVentricular
1.372,-0.045,0.145,MalignantVentricular
1.376,-0.055,0.165,MalignantVentricular
1.38,-0.055,0.18,MalignantVentricular
1.384,-0.045,0.195,MalignantVentricular
1.388,-0.04,0.185,MalignantVentricular
1.392,-0.025,0.165,MalignantVentricular
1.396,-0.02,0.165,MalignantVentricular
1.4,-0.04,0.145,MalignantVentricular
1.404,-0.055,0.135,MalignantVentricular
1.408,-0.055,0.15,MalignantVentricular
1.412,-0.07,0.155,MalignantVentricular
1.416,-0.06,0.155,MalignantVentricular
1.42,-0.05,0.17,MalignantVentricular
1.424,-0.055,0.16,MalignantVentricular
1.428,-0.06,0.16,MalignantVentricular
1.432,-0.065,0.14,MalignantVentricular
1.436,-0.06,0.15,MalignantVentricular
1.44,-0.075,0.155,MalignantVentricular
1.444,-0.1,0.14,MalignantVentricular
1.448,-0.07,0.16,MalignantVentricular
1.452,-0.055,0.185,MalignantVentricular
1.456,-0.045,0.165,MalignantVentricular
1.46,-0.035,0.165,MalignantVentricular
1.464,-0.07,0.13,MalignantVentricular
1.468,-0.085,0.13,MalignantVentricular
1.472,-0.09,0.15,MalignantVentricular
1.476,-0.09,0.16,MalignantVentricular
1.48,-0.09,0.18,MalignantVentricular
1.484,-0.07,0.18,MalignantVentricular
1.488,-0.07,0.175,MalignantVentricular
1.492,-0.055,0.185,MalignantVentricular
1.496,-0.06,0.155,MalignantVentricular
1.5,-0.07,0.13,MalignantVentricular
1.504,-0.085,0.155,MalignantVentricular
1.508,-0.09,0.145,MalignantVentricular
1.512,-0.07,0.155,MalignantVentricular
1.516,-0.075,0.165,MalignantVentricular
1.52,-0.06,0.17,MalignantVentricular
1.524,-0.055,0.165,MalignantVentricular
1.528,-0.07,0.175,MalignantVentricular
1.532,-0.075,0.15,MalignantVentricular
1.536,-0.08,0.125,MalignantVentricular
1.54,-0.095,0.145,MalignantVentricular
1.544,-0.11,0.17,MalignantVentricular
1.548,-0.085,0.175,MalignantVentricular
1.552,-0.07,0.175,MalignantVentricular
1.556,-0.04,0.19,MalignantVentricular
1.56,-0.05,0.185,MalignantVentricular
1.564,-0.055,0.165,MalignantVentricular
1.568,-0.08,0.18,MalignantVentricular
1.572,-0.075,0.155,MalignantVentricular
1.576,-0.065,0.185,MalignantVentricular
1.58,-0.07,0.18,MalignantVentricular
1.584,-0.055,0.215,MalignantVentricular
1.588,-0.035,0.22,MalignantVentricular
1.592,-0.035,0.21,MalignantVentricular
1.596,-0.04,0.22,MalignantVentricular
1.6,-0.04,0.215,MalignantVentricular
1.604,-0.045,0.2,MalignantVentricular
1.608,-0.05,0.21,MalignantVentricular
1.612,-0.03,0.25,MalignantVentricular
1.616,-0.025,0.24,MalignantVentricular
1.62,-0.03,0.255,MalignantVentricular
1.624,-0.01,0.255,MalignantVentricular
1.628,-0.005,0.25,MalignantVentricular
1.632,0,0.25,MalignantVentricular
1.636,-0.01,0.255,MalignantVentricular
1.64,-0.005,0.265,MalignantVentricular
1.644,-0.04,0.28,MalignantVentricular
1.648,0.005,0.285,MalignantVentricular
1.652,0.01,0.295,MalignantVentricular
1.656,0.025,0.3,MalignantVentricular
1.66,0.035,0.325,MalignantVentricular
1.664,0.05,0.265,MalignantVentricular
1.668,0.03,0.23,MalignantVentricular
1.672,0.025,0.23,MalignantVentricular
1.676,-0.01,0.24,MalignantVentricular
1.68,0.015,0.26,MalignantVentricular
1.684,0,0.265,MalignantVentricular
1.688,0,0.265,MalignantVentricular
1.692,0.02,0.24,MalignantVentricular
1.696,-0.01,0.24,MalignantVentricular
1.7,-0.015,0.23,MalignantVentricular
1.704,-0.015,0.205,MalignantVentricular
1.708,-0.01,0.2,MalignantVentricular
1.712,-0.02,0.215,MalignantVentricular
1.716,-0.04,0.2,MalignantVentricular
1.72,-0.01,0.23,MalignantVentricular
1.724,-0.02,0.22,MalignantVentricular
1.728,-0.025,0.245,MalignantVentricular
1.732,-0.025,0.21,MalignantVentricular
1.736,-0.055,0.2,MalignantVentricular
1.74,-0.06,0.21,MalignantVentricular
1.744,-0.055,0.21,MalignantVentricular
1.748,-0.06,0.215,MalignantVentricular
1.752,-0.035,0.245,MalignantVentricular
1.756,-0.02,0.23,MalignantVentricular
1.76,-0.03,0.255,MalignantVentricular
1.764,-0.03,0.2,MalignantVentricular
1.768,-0.055,0.225,MalignantVentricular
1.772,-0.055,0.205,MalignantVentricular
1.776,-0.06,0.22,MalignantVentricular
1.78,-0.025,0.26,MalignantVentricular
1.784,-0.015,0.255,MalignantVentricular
1.788,-0.015,0.295,MalignantVentricular
1.792,-0.04,0.305,MalignantVentricular
1.796,-0.02,0.29,MalignantVentricular
1.8,-0.03,0.31,MalignantVentricular
1.804,-0.025,0.335,MalignantVentricular
1.808,-0.005,0.415,MalignantVentricular
1.812,0.03,0.52,MalignantVentricular
1.816,0.055,0.66,MalignantVentricular
1.82,0.095,0.805,MalignantVentricular
1.824,0.155,0.9,MalignantVentricular
1.828,0.22,0.945,MalignantVentricular
1.832,0.295,0.92,MalignantVentricular
1.836,0.415,0.855,MalignantVentricular
1.84,0.525,0.745,MalignantVentricular
1.844,0.63,0.655,MalignantVentricular
1.848,0.68,0.615,MalignantVentricular
1.852,0.68,0.58,MalignantVentricular
1.856,0.63,0.515,MalignantVentricular
1.86,0.52,0.47,MalignantVentricular
1.864,0.41,0.4,MalignantVentricular
1.868,0.31,0.29,MalignantVentricular
1.872,0.24,0.29,MalignantVentricular
1.876,0.21,0.25,MalignantVentricular
1.88,0.145,0.265,MalignantVentricular
1.884,0.105,0.25,MalignantVentricular
1.888,0.08,0.275,MalignantVentricular
1.892,0.04,0.27,MalignantVentricular
1.896,0.025,0.225,MalignantVentricular
1.9,0.005,0.22,MalignantVentricular
1.904,0.015,0.195,MalignantVentricular
1.908,-0.005,0.205,MalignantVentricular
1.912,-0.01,0.195,MalignantVentricular
1.916,-0.02,0.22,MalignantVentricular
1.92,0,0.24,MalignantVentricular
1.924,-0.03,0.235,MalignantVentricular
1.928,-0.03,0.22,MalignantVentricular
1.932,-0.04,0.205,MalignantVentricular
1.936,-0.03,0.185,MalignantVentricular
1.94,-0.055,0.195,MalignantVentricular
1.944,-0.06,0.215,MalignantVentricular
1.948,-0.035,0.205,MalignantVentricular
1.952,-0.015,0.215,MalignantVentricular
1.956,-0.02,0.215,MalignantVentricular
1.96,-0.015,0.22,MalignantVentricular
1.964,-0.025,0.195,MalignantVentricular
1.968,-0.05,0.205,MalignantVentricular
1.972,-0.05,0.19,MalignantVentricular
1.976,-0.045,0.195,MalignantVentricular
1.98,-0.055,0.205,MalignantVentricular
1.984,-0.03,0.21,MalignantVentricular
1.988,-0.035,0.23,MalignantVentricular
1.992,-0.03,0.22,MalignantVentricular
1.996,-0.045,0.2,MalignantVentricular
2,-0.05,0.205,MalignantVentricular
2.004,-0.05,0.19,MalignantVentricular
2.008,-0.055,0.21,MalignantVentricular
2.012,-0.05,0.215,MalignantVentricular
2.016,-0.055,0.21,MalignantVentricular
2.02,-0.05,0.23,MalignantVentricular
2.024,-0.045,0.22,MalignantVentricular
2.028,-0.02,0.235,MalignantVentricular
2.032,-0.055,0.175,MalignantVentricular
2.036,-0.04,0.2,MalignantVentricular
2.04,-0.04,0.19,MalignantVentricular
2.044,-0.06,0.215,MalignantVentricular
2.048,-0.045,0.235,MalignantVentricular
2.052,-0.025,0.235,MalignantVentricular
2.056,-0.02,0.265,MalignantVentricular
2.06,-0.025,0.255,MalignantVentricular
2.064,-0.035,0.22,MalignantVentricular
2.068,-0.025,0.225,MalignantVentricular
2.072,-0.045,0.245,MalignantVentricular
2.076,-0.045,0.23,MalignantVentricular
2.08,-0.04,0.28,MalignantVentricular
2.084,-0.01,0.295,MalignantVentricular
2.088,0,0.295,MalignantVentricular
2.092,0.005,0.31,MalignantVentricular
2.096,0.01,0.29,MalignantVentricular
2.1,0.01,0.31,MalignantVentricular
2.104,0.03,0.295,MalignantVentricular
2.108,0.025,0.325,MalignantVentricular
2.112,0.04,0.35,MalignantVentricular
2.116,0.085,0.37,MalignantVentricular
2.12,0.1,0.395,MalignantVentricular
2.124,0.1,0.39,MalignantVentricular
2.128,0.14,0.415,MalignantVentricular
2.132,0.135,0.385,MalignantVentricular
2.136,0.125,0.425,MalignantVentricular
2.14,0.115,0.4,MalignantVentricular
2.144,0.15,0.41,MalignantVentricular
2.148,0.165,0.395,MalignantVentricular
2.152,0.175,0.42,MalignantVentricular
2.156,0.18,0.42,MalignantVentricular
2.16,0.185,0.415,MalignantVentricular
2.164,0.195,0.37,MalignantVentricular
2.168,0.175,0.365,MalignantVentricular
2.172,0.16,0.335,MalignantVentricular
2.176,0.145,0.325,MalignantVentricular
2.18,0.145,0.34,MalignantVentricular
2.184,0.145,0.325,MalignantVentricular
2.188,0.12,0.335,MalignantVentricular
2.192,0.125,0.3,MalignantVentricular
2.196,0.125,0.305,MalignantVentricular
2.2,0.08,0.285,MalignantVentricular
2.204,0.085,0.26,MalignantVentricular
2.208,0.04,0.255,MalignantVentricular
2.212,0.055,0.26,MalignantVentricular
2.216,0.055,0.26,MalignantVentricular
2.22,0.055,0.29,MalignantVentricular
2.224,0.055,0.28,MalignantVentricular
2.228,0.045,0.25,MalignantVentricular
2.232,0.04,0.245,MalignantVentricular
2.236,-0.005,0.22,MalignantVentricular
2.24,0,0.245,MalignantVentricular
2.244,0.01,0.23,MalignantVentricular
2.248,0,0.235,MalignantVentricular
2.252,0.015,0.26,MalignantVentricular
2.256,0.02,0.25,MalignantVentricular
2.26,0.025,0.25,MalignantVentricular
2.264,0.015,0.215,MalignantVentricular
2.268,0,0.21,MalignantVentricular
2.272,0,0.205,MalignantVentricular
2.276,0,0.215,MalignantVentricular
2.28,0,0.235,MalignantVentricular
2.284,0.025,0.24,MalignantVentricular
2.288,0.035,0.24,MalignantVentricular
2.292,0.02,0.21,MalignantVentricular
2.296,0,0.225,MalignantVentricular
2.3,-0.02,0.205,MalignantVentricular
2.304,0.015,0.205,MalignantVentricular
2.308,-0.015,0.21,MalignantVentricular
2.312,0.01,0.235,MalignantVentricular
2.316,-0.005,0.23,MalignantVentricular
2.32,0.005,0.245,MalignantVentricular
2.324,0.025,0.22,MalignantVentricular
2.328,0.005,0.21,MalignantVentricular
2.332,0.015,0.225,MalignantVentricular
2.336,-0.005,0.2,MalignantVentricular
2.34,-0.005,0.205,MalignantVentricular
2.344,-0.005,0.205,MalignantVentricular
2.348,0.015,0.23,MalignantVentricular
2.352,0.02,0.235,MalignantVentricular
2.356,0.04,0.225,MalignantVentricular
2.36,0.01,0.25,MalignantVentricular
2.364,0.015,0.21,MalignantVentricular
2.368,-0.005,0.195,MalignantVentricular
2.372,-0.015,0.19,MalignantVentricular
2.376,0.005,0.175,MalignantVentricular
2.38,-0.015,0.175,MalignantVentricular
2.384,0.015,0.205,MalignantVentricular
2.388,0.025,0.195,MalignantVentricular
2.392,0.025,0.195,MalignantVentricular
2.396,0.03,0.19,MalignantVentricular
2.4,0.005,0.18,MalignantVentricular
2.404,-0.005,0.165,MalignantVentricular
2.408,-0.025,0.165,MalignantVentricular
2.412,-0.005,0.17,MalignantVentricular
2.416,-0.005,0.19,MalignantVentricular
2.42,0.005,0.215,MalignantVentricular
2.424,0.015,0.215,MalignantVentricular
2.428,0.03,0.205,MalignantVentricular
2.432,0,0.195,MalignantVentricular
2.436,0.005,0.16,MalignantVentricular
2.44,-0.01,0.17,MalignantVentricular
2.444,0,0.17,MalignantVentricular
2.448,0,0.19,MalignantVentricular
2.452,0.005,0.215,MalignantVentricular
2.456,0.015,0.19,MalignantVentricular
2.46,0.01,0.215,MalignantVentricular
2.464,0.01,0.19,MalignantVentricular
2.468,0,0.2,MalignantVentricular
2.472,-0.025,0.195,MalignantVentricular
2.476,-0.015,0.23,MalignantVentricular
2.48,0,0.225,MalignantVentricular
2.484,0.015,0.21,MalignantVentricular
2.488,0.05,0.22,MalignantVentricular
2.492,0.055,0.22,MalignantVentricular
2.496,0.035,0.235,MalignantVentricular
2.5,-0.005,0.225,MalignantVentricular
2.504,0.005,0.215,MalignantVentricular
2.508,0.02,0.23,MalignantVentricular
2.512,0.03,0.245,MalignantVentricular
2.516,0.03,0.285,MalignantVentricular
2.52,0.06,0.275,MalignantVentricular
2.524,0.06,0.29,MalignantVentricular
2.528,0.095,0.28,MalignantVentricular
2.532,0.06,0.29,MalignantVentricular
2.536,0.07,0.295,MalignantVentricular
2.54,0.045,0.275,MalignantVentricular
2.544,0.06,0.295,MalignantVentricular
2.548,0.08,0.27,MalignantVentricular
2.552,0.11,0.28,MalignantVentricular
2.556,0.11,0.28,MalignantVentricular
2.56,0.12,0.275,MalignantVentricular
2.564,0.125,0.26,MalignantVentricular
2.568,0.085,0.24,MalignantVentricular
2.572,0.08,0.23,MalignantVentricular
2.576,0.07,0.245,MalignantVentricular
2.58,0.065,0.245,MalignantVentricular
2.584,0.07,0.26,MalignantVentricular
2.588,0.095,0.245,MalignantVentricular
2.592,0.06,0.24,MalignantVentricular
2.596,0.075,0.22,MalignantVentricular
2.6,0.035,0.19,MalignantVentricular
2.604,0.03,0.19,MalignantVentricular
2.608,0,0.195,MalignantVentricular
2.612,0.01,0.205,MalignantVentricular
2.616,0.04,0.22,MalignantVentricular
2.62,0.05,0.225,MalignantVentricular
2.624,0.035,0.225,MalignantVentricular
2.628,0.035,0.23,MalignantVentricular
2.632,0.03,0.215,MalignantVentricular
2.636,0.025,0.205,MalignantVentricular
2.64,0.01,0.195,MalignantVentricular
2.644,0.02,0.19,MalignantVentricular
2.648,0.035,0.235,MalignantVentricular
2.652,0.04,0.22,MalignantVentricular
2.656,0.055,0.24,MalignantVentricular
2.66,0.045,0.255,MalignantVentricular
2.664,0.045,0.215,MalignantVentricular
2.668,0.03,0.22,MalignantVentricular
2.672,0.035,0.22,MalignantVentricular
2.676,0.05,0.245,MalignantVentricular
2.68,0.025,0.265,MalignantVentricular
2.684,0.04,0.315,MalignantVentricular
2.688,0.085,0.345,MalignantVentricular
2.692,0.105,0.395,MalignantVentricular
2.696,0.11,0.455,MalignantVentricular
2.7,0.125,0.595,MalignantVentricular
2.704,0.13,0.725,MalignantVentricular
2.708,0.17,0.845,MalignantVentricular
2.712,0.235,0.94,MalignantVentricular
2.716,0.3,0.98,MalignantVentricular
2.72,0.435,0.94,MalignantVentricular
2.724,0.59,0.805,MalignantVentricular
2.728,0.705,0.7,MalignantVentricular
2.732,0.77,0.595,MalignantVentricular
2.736,0.765,0.53,MalignantVentricular
2.74,0.71,0.495,MalignantVentricular
2.744,0.58,0.44,MalignantVentricular
2.748,0.455,0.385,MalignantVentricular
2.752,0.375,0.335,MalignantVentricular
2.756,0.325,0.305,MalignantVentricular
2.76,0.3,0.28,MalignantVentricular
2.764,0.21,0.26,MalignantVentricular
2.768,0.13,0.25,MalignantVentricular
2.772,0.085,0.245,MalignantVentricular
2.776,0.055,0.235,MalignantVentricular
2.78,0.05,0.245,MalignantVentricular
2.784,0.065,0.23,MalignantVentricular
2.788,0.07,0.235,MalignantVentricular
2.792,0.045,0.23,MalignantVentricular
2.796,0.04,0.22,MalignantVentricular
2.8,0.035,0.21,MalignantVentricular
2.804,-0.005,0.205,MalignantVentricular
2.808,0,0.215,MalignantVentricular
2.812,0.01,0.23,MalignantVentricular
2.816,0.01,0.215,MalignantVentricular
2.82,0.035,0.235,MalignantVentricular
2.824,0.03,0.235,MalignantVentricular
2.828,0.02,0.225,MalignantVentricular
2.832,0.01,0.22,MalignantVentricular
2.836,-0.015,0.205,MalignantVentricular
2.84,-0.01,0.18,MalignantVentricular
2.844,-0.005,0.215,MalignantVentricular
2.848,-0.005,0.23,MalignantVentricular
2.852,0.01,0.23,MalignantVentricular
2.856,0.03,0.225,MalignantVentricular
2.86,0.01,0.235,MalignantVentricular
2.864,0.015,0.225,MalignantVentricular
2.868,-0.005,0.195,MalignantVentricular
2.872,0.01,0.205,MalignantVentricular
2.876,-0.01,0.22,MalignantVentricular
2.88,-0.005,0.225,MalignantVentricular
2.884,0.005,0.235,MalignantVentricular
2.888,0.015,0.215,MalignantVentricular
2.892,0.025,0.225,MalignantVentricular
2.896,0.025,0.22,MalignantVentricular
2.9,0.015,0.22,MalignantVentricular
2.904,0.015,0.215,MalignantVentricular
2.908,0,0.21,MalignantVentricular
2.912,0.025,0.235,MalignantVentricular
2.916,0.02,0.235,MalignantVentricular
2.92,0.015,0.27,MalignantVentricular
2.924,0.03,0.25,MalignantVentricular
2.928,0.04,0.235,MalignantVentricular
2.932,0.015,0.235,MalignantVentricular
2.936,0.03,0.265,MalignantVentricular
2.94,0.02,0.25,MalignantVentricular
2.944,0.035,0.26,MalignantVentricular
2.948,0.04,0.275,MalignantVentricular
2.952,0.06,0.285,MalignantVentricular
2.956,0.05,0.295,MalignantVentricular
2.96,0.04,0.3,MalignantVentricular
2.964,0.055,0.32,MalignantVentricular
2.968,0.06,0.285,MalignantVentricular
2.972,0.065,0.315,MalignantVentricular
2.976,0.07,0.345,MalignantVentricular
2.98,0.095,0.35,MalignantVentricular
2.984,0.115,0.375,MalignantVentricular
2.988,0.14,0.38,MalignantVentricular
2.992,0.15,0.41,MalignantVentricular
2.996,0.15,0.4,MalignantVentricular
3,0.145,0.385,MalignantVentricular
3.004,0.145,0.38,MalignantVentricular
3.008,0.15,0.4,MalignantVentricular
3.012,0.165,0.435,MalignantVentricular
3.016,0.19,0.425,MalignantVentricular
3.02,0.2,0.445,MalignantVentricular
3.024,0.215,0.435,MalignantVentricular
3.028,0.24,0.405,MalignantVentricular
3.032,0.25,0.405,MalignantVentricular
3.036,0.23,0.39,MalignantVentricular
3.04,0.21,0.365,MalignantVentricular
3.044,0.23,0.375,MalignantVentricular
3.048,0.22,0.39,MalignantVentricular
3.052,0.225,0.39,MalignantVentricular
3.056,0.225,0.365,MalignantVentricular
3.06,0.205,0.35,MalignantVentricular
3.064,0.215,0.305,MalignantVentricular
3.068,0.165,0.3,MalignantVentricular
3.072,0.145,0.275,MalignantVentricular
3.076,0.135,0.275,MalignantVentricular
3.08,0.13,0.27,MalignantVentricular
3.084,0.125,0.275,MalignantVentricular
3.088,0.13,0.27,MalignantVentricular
3.092,0.13,0.265,MalignantVentricular
3.096,0.115,0.275,MalignantVentricular
3.1,0.07,0.25,MalignantVentricular
3.104,0.055,0.245,MalignantVentricular
3.108,0.06,0.23,MalignantVentricular
3.112,0.055,0.24,MalignantVentricular
3.116,0.05,0.245,MalignantVentricular
3.12,0.085,0.255,MalignantVentricular
3.124,0.07,0.22,MalignantVentricular
3.128,0.07,0.245,MalignantVentricular
3.132,0.055,0.235,MalignantVentricular
3.136,0.015,0.19,MalignantVentricular
3.14,0,0.21,MalignantVentricular
3.144,0.015,0.225,MalignantVentricular
3.148,0.035,0.225,MalignantVentricular
3.152,0.05,0.24,MalignantVentricular
3.156,0.03,0.235,MalignantVentricular
3.16,0.045,0.24,MalignantVentricular
3.164,0.035,0.215,MalignantVentricular
3.168,0.02,0.23,MalignantVentricular
3.172,0.015,0.205,MalignantVentricular
3.176,0.01,0.24,MalignantVentricular
3.18,0,0.235,MalignantVentricular
3.184,0.03,0.22,MalignantVentricular
3.188,0.035,0.24,MalignantVentricular
3.192,0.045,0.245,MalignantVentricular
3.196,0.04,0.21,MalignantVentricular
3.2,0.02,0.235,MalignantVentricular
3.204,0.01,0.21,MalignantVentricular
3.208,0.01,0.22,MalignantVentricular
3.212,0.01,0.21,MalignantVentricular
3.216,0.01,0.22,MalignantVentricular
3.22,0.015,0.235,MalignantVentricular
3.224,0.04,0.23,MalignantVentricular
3.228,0.04,0.23,MalignantVentricular
3.232,0.02,0.215,MalignantVentricular
3.236,0,0.2,MalignantVentricular
3.24,0.015,0.195,MalignantVentricular
3.244,0.005,0.205,MalignantVentricular
3.248,0,0.235,MalignantVentricular
3.252,0.035,0.21,MalignantVentricular
3.256,0.025,0.225,MalignantVentricular
3.26,0.005,0.215,MalignantVentricular
3.264,0.03,0.225,MalignantVentricular
3.268,0.01,0.195,MalignantVentricular
3.272,-0.005,0.205,MalignantVentricular
3.276,-0.015,0.19,MalignantVentricular
3.28,0.005,0.21,MalignantVentricular
3.284,0.005,0.215,MalignantVentricular
3.288,0.025,0.2,MalignantVentricular
3.292,0.025,0.21,MalignantVentricular
3.296,0.015,0.205,MalignantVentricular
3.3,0.005,0.175,MalignantVentricular
3.304,-0.015,0.18,MalignantVentricular
3.308,-0.015,0.165,MalignantVentricular
3.312,-0.01,0.18,MalignantVentricular
3.316,-0.005,0.175,MalignantVentricular
3.32,0.01,0.185,MalignantVentricular
3.324,0.005,0.19,MalignantVentricular
3.328,0.005,0.21,MalignantVentricular
3.332,-0.02,0.195,MalignantVentricular
3.336,0,0.17,MalignantVentricular
3.34,-0.03,0.165,MalignantVentricular
3.344,-0.035,0.175,MalignantVentricular
3.348,-0.015,0.185,MalignantVentricular
3.352,0.02,0.205,MalignantVentricular
3.356,0.01,0.215,MalignantVentricular
3.36,0.01,0.195,MalignantVentricular
3.364,0.005,0.185,MalignantVentricular
3.368,-0.02,0.16,MalignantVentricular
3.372,-0.015,0.17,MalignantVentricular
3.376,-0.02,0.19,MalignantVentricular
3.38,-0.02,0.21,MalignantVentricular
3.384,0,0.21,MalignantVentricular
3.388,0.02,0.235,MalignantVentricular
3.392,0.015,0.24,MalignantVentricular
3.396,0.01,0.24,MalignantVentricular
3.4,0.005,0.225,MalignantVentricular
3.404,0.005,0.24,MalignantVentricular
3.408,0.005,0.24,MalignantVentricular
3.412,0.01,0.25,MalignantVentricular
3.416,0.055,0.27,MalignantVentricular
3.42,0.05,0.285,MalignantVentricular
3.424,0.045,0.295,MalignantVentricular
3.428,0.05,0.31,MalignantVentricular
3.432,0.06,0.27,MalignantVentricular
3.436,0.065,0.26,MalignantVentricular
3.44,0.055,0.26,MalignantVentricular
3.444,0.065,0.245,MalignantVentricular
3.448,0.075,0.235,MalignantVentricular
3.452,0.095,0.245,MalignantVentricular
3.456,0.08,0.255,MalignantVentricular
3.46,0.07,0.285,MalignantVentricular
3.464,0.07,0.24,MalignantVentricular
3.468,0.06,0.245,MalignantVentricular
3.472,0.03,0.24,MalignantVentricular
3.476,0.015,0.225,MalignantVentricular
3.48,0.03,0.225,MalignantVentricular
3.484,0.055,0.235,MalignantVentricular
3.488,0.065,0.235,MalignantVentricular
3.492,0.035,0.24,MalignantVentricular
3.496,0.02,0.265,MalignantVentricular
3.5,0.01,0.23,MalignantVentricular
3.504,-0.01,0.215,MalignantVentricular
3.508,-0.005,0.21,MalignantVentricular
3.512,-0.005,0.205,MalignantVentricular
3.516,0,0.225,MalignantVentricular
3.52,0.025,0.25,MalignantVentricular
3.524,0.015,0.23,MalignantVentricular
3.528,0.02,0.215,MalignantVentricular
3.532,0.005,0.24,MalignantVentricular
3.536,-0.005,0.2,MalignantVentricular
3.54,-0.015,0.225,MalignantVentricular
3.544,-0.005,0.23,MalignantVentricular
3.548,-0.01,0.235,MalignantVentricular
3.552,0.005,0.245,MalignantVentricular
3.556,0.025,0.245,MalignantVentricular
3.56,0.005,0.23,MalignantVentricular
3.564,0.025,0.245,MalignantVentricular
3.568,0.015,0.275,MalignantVentricular
3.572,0.01,0.265,MalignantVentricular
3.576,0.005,0.31,MalignantVentricular
3.58,0.02,0.36,MalignantVentricular
3.584,0.055,0.405,MalignantVentricular
3.588,0.085,0.505,MalignantVentricular
3.592,0.115,0.625,MalignantVentricular
3.596,0.11,0.78,MalignantVentricular
3.6,0.16,0.875,MalignantVentricular
3.604,0.195,0.955,MalignantVentricular
3.608,0.28,0.95,MalignantVentricular
3.612,0.38,0.92,MalignantVentricular
3.616,0.52,0.82,MalignantVentricular
3.62,0.665,0.735,MalignantVentricular
3.624,0.735,0.635,MalignantVentricular
3.628,0.72,0.58,MalignantVentricular
3.632,0.68,0.495,MalignantVentricular
3.636,0.545,0.435,MalignantVentricular
3.64,0.43,0.37,MalignantVentricular
3.644,0.325,0.335,MalignantVentricular
3.648,0.285,0.285,MalignantVentricular
3.652,0.245,0.265,MalignantVentricular
3.656,0.2,0.26,MalignantVentricular
3.66,0.145,0.26,MalignantVentricular
3.664,0.1,0.225,MalignantVentricular
3.668,0.045,0.22,MalignantVentricular
3.672,0.01,0.18,MalignantVentricular
3.676,-0.005,0.185,MalignantVentricular
3.68,0,0.2,MalignantVentricular
3.684,0,0.2,MalignantVentricular
3.688,-0.005,0.205,MalignantVentricular
3.692,0,0.21,MalignantVentricular
3.696,-0.03,0.21,MalignantVentricular
3.7,-0.02,0.18,MalignantVentricular
3.704,-0.025,0.17,MalignantVentricular
3.708,-0.045,0.185,MalignantVentricular
3.712,-0.03,0.185,MalignantVentricular
3.716,-0.03,0.195,MalignantVentricular
3.72,-0.005,0.19,MalignantVentricular
3.724,-0.015,0.195,MalignantVentricular
3.728,-0.005,0.21,MalignantVentricular
3.732,-0.035,0.16,MalignantVentricular
3.736,-0.05,0.16,MalignantVentricular
3.74,-0.06,0.16,MalignantVentricular
3.744,-0.07,0.165,MalignantVentricular
3.748,-0.055,0.185,MalignantVentricular
3.752,-0.055,0.205,MalignantVentricular
3.756,-0.035,0.2,MalignantVentricular
3.76,-0.05,0.19,MalignantVentricular
3.764,-0.015,0.185,MalignantVentricular
3.768,-0.04,0.18,MalignantVentricular
3.772,-0.05,0.155,MalignantVentricular
3.776,-0.075,0.165,MalignantVentricular
3.78,-0.06,0.185,MalignantVentricular
3.784,-0.055,0.185,MalignantVentricular
3.788,-0.03,0.2,MalignantVentricular
3.792,-0.035,0.21,MalignantVentricular
3.796,-0.035,0.195,MalignantVentricular
3.8,-0.045,0.18,MalignantVentricular
3.804,-0.065,0.185,MalignantVentricular
3.808,-0.075,0.16,MalignantVentricular
3.812,-0.065,0.19,MalignantVentricular
3.816,-0.055,0.195,MalignantVentricular
3.82,-0.03,0.23,MalignantVentricular
3.824,-0.05,0.205,MalignantVentricular
3.828,-0.025,0.225,MalignantVentricular
3.832,-0.045,0.19,MalignantVentricular
3.836,-0.03,0.22,MalignantVentricular
3.84,-0.04,0.21,MalignantVentricular
3.844,-0.05,0.22,MalignantVentricular
3.848,-0.04,0.24,MalignantVentricular
3.852,-0.01,0.255,MalignantVentricular
3.856,-0.005,0.27,MalignantVentricular
3.86,0.015,0.285,MalignantVentricular
3.864,0.01,0.255,MalignantVentricular
3.868,0.01,0.27,MalignantVentricular
3.872,0.01,0.29,MalignantVentricular
3.876,0.01,0.295,MalignantVentricular
3.88,0.035,0.33,MalignantVentricular
3.884,0.055,0.33,MalignantVentricular
3.888,0.055,0.34,MalignantVentricular
3.892,0.075,0.35,MalignantVentricular
3.896,0.08,0.36,MalignantVentricular
3.9,0.085,0.365,MalignantVentricular
3.904,0.075,0.34,MalignantVentricular
3.908,0.11,0.34,MalignantVentricular
3.912,0.115,0.37,MalignantVentricular
3.916,0.145,0.36,MalignantVentricular
3.92,0.135,0.36,MalignantVentricular
3.924,0.135,0.365,MalignantVentricular
3.928,0.15,0.355,MalignantVentricular
3.932,0.14,0.325,MalignantVentricular
3.936,0.13,0.31,MalignantVentricular
3.94,0.115,0.3,MalignantVentricular
3.944,0.11,0.305,MalignantVentricular
3.948,0.13,0.28,MalignantVentricular
3.952,0.11,0.3,MalignantVentricular
3.956,0.115,0.275,MalignantVentricular
3.96,0.125,0.28,MalignantVentricular
3.964,0.08,0.245,MalignantVentricular
3.968,0.05,0.225,MalignantVentricular
3.972,0.04,0.225,MalignantVentricular
3.976,0.005,0.21,MalignantVentricular
3.98,0.01,0.235,MalignantVentricular
3.984,0.025,0.23,MalignantVentricular
3.988,0.025,0.215,MalignantVentricular
3.992,0.02,0.2,MalignantVentricular
3.996,0.02,0.205,MalignantVentricular
